done	part of speech	phonemes	romanisation	definition	keywords	tags	FALSE
FALSE	adjective			placeholder pointing to an earlier adjective: such, like that	such, like that		FALSE
FALSE	verb (transitive)			placeholder pointing to an earlier verb: do, do so, do it	do, so, do so, do it		FALSE
FALSE	noun (inanimate)			scaffold, clamp, vise, tool for fixing parts in place during construction	scaffold, clamp, vise		FALSE
FALSE	adjective			(of mathematical distribution) long-tailed, with high variance; (of physical system) uncertain, indeterminate	long-tailed, variance, uncertain, indeterminate		FALSE
FALSE	verb (transitive)			{agent} impress {experiencer}, admire, look up to	impress, admire, look up to		FALSE
FALSE	adjective			unstable, precarious	unstable, precarious		FALSE
FALSE	adjective			deaf, without sense of hearing	deaf		FALSE
FALSE	verb (intransitive)			agree, think the same thing	agree		FALSE
FALSE	verb (transitive)			{experiencer} regret {agent}, {experiencer} feel that {experiencer} made a bad choice about {agent}	regret		FALSE
FALSE	verb (intransitive)			outdo oneself, overcome, do something admirable			FALSE
FALSE	verb (intransitive)			change one's migration route, swerve, take a detour; relocate, move one's base of operations	swerve, detour, relocate, move		FALSE
FALSE	adjective			anosmic, without sense of smell	anosmic		FALSE
FALSE	verb (intransitive)			be imperceptible (especially by sight), blend in, fade; be insignificant, be negligible	imperceptible, blend, fade, insignificant, negligible		FALSE
FALSE	noun (inanimate)			jam, tangle, pinch, place where something is stuck	jam, tangle, pinch, stuck		FALSE
FALSE	noun (inanimate)			peak, bare rock, barren part (of a mountain); frontier, wilderness, places that have been sighted but not visited	peak, rock, barren, frontier, wilderness		FALSE
FALSE	noun (inanimate)			radian, natural unit of angle, one tau-th or half a pi-th of a rotation, 57.3 degrees	radian		FALSE
FALSE	verb (transitive)			{agent} pass down {experiencer} as inheritance			FALSE
FALSE	verb (intransitive)			suspect, have an inkling, have a nonverbal intuition	suspect, inkling, intuition		FALSE
FALSE	verb (intransitive)			(of vine or similar) be anchored, have stalks in place; (of quantum system) be entangled, correlate over distance	anchor, entangle, entangled		FALSE
FALSE	noun (inanimate)			a type of shrub with broad sour leaves; (name) Sorrel	Sorrel		FALSE
FALSE	adjective			local, specific to the place, native, endemic	local, endemic, native		FALSE
FALSE	adverb			automatically, naturally, by itself, without intervention	automatically, naturally, by itself		FALSE
FALSE	noun (inanimate)			celestial body, astral body, that which can be simulated using constant orbital parameters	celestial body, astral body		FALSE
FALSE	verb (transitive)			contact, catch up with, check in with	contact, catch up, check in		FALSE
FALSE	verb (transitive)			check, inspect, ensure, verify	check, inspect, ensure, verify		FALSE
FALSE	verb (transitive)			(of hypothesis) confirm, prove, validate, cement	confirm, prove, validate, cement		FALSE
FALSE	adjective			(of information or its source) sure, certain, definite, confident	sure, certain, definite, confident		FALSE
FALSE	adjective			conscious, aware, explicit, dealing with information that can be verbalised	conscious, aware, explicit		FALSE
FALSE	noun (inanimate)			choice, option, alternative, candidate	choice, option, alternative, candidate		FALSE
FALSE	noun (inanimate)			lip, lid, one of any two paired structures that surround a hole; half a pair of doors	lip, lid, eyelid, door		FALSE
FALSE	verb (transitive)			prepare, make ready	prepare, ready		FALSE
FALSE	noun (inanimate)			circumstance, luck, concept encapsulating various small factors influencing an outcome together	circumstance, luck		FALSE
FALSE	adjective			primary, main, head	primary, main, head		FALSE
FALSE	adverb			enroute, underway, on the move; in the process, in so doing, as a result	enroute, underway, on the move, process, in the process, in so doing, result, as a result		FALSE
FALSE	verb (transitive)			suggest, propose, recommend, endorse	suggest, propose, recommend, endorse		FALSE
FALSE	conjunction (clause)			X given that Y, X on the condition that Y (Y implied to be likely)	given, given that, on the condition, as long as, if only		FALSE
FALSE	verb (transitive)			intend, mean, have the purpose of	intend, mean, purpose		FALSE
FALSE	noun (inanimate)			biology, anatomy, scientific knowledge about living bodies	biology		FALSE
FALSE	noun (inanimate)			beacon, locational transmitter	beacon, transmitter		FALSE
FALSE	noun (inanimate)			life support	life support		FALSE
FALSE	adjective			(archaic) surrounding, ambient; (modern) base, foundation, parent; default, fallback, which is used unless specifically replaced	base, foundation, parent; default, fallback		FALSE
FALSE	adjective			(perception) weak, faint, muffled	weak, faint, muffled		FALSE
FALSE	verb (transitive)			{experiencer} be multiplied by {agent}	multiply		FALSE
FALSE	verb (transitive)			{experiencer} be exponentiated by {agent}	exponent, exponentiate, exponential, power		FALSE
FALSE	verb (intransitive)			confess, admit, come clean	confess, admit, come clean		FALSE
FALSE	adverb			clockwise (opposite of conventional writing direction in ancient trunk inscriptions)	clockwise		FALSE
FALSE	adverb			anticlockwise (conventional writing direction in ancient trunk inscriptions, related to hul 'slice')	anticlockwise, counterclockwise, counter-clockwise		FALSE
FALSE	verb (transitive)			(archaic) ; (modern) mention, bring up	mention, bring up		
FALSE	adverb			carelessly, recklessly, hastily, irresponsibly	carelessly, recklessly, hasty, haste, irresponsibly		FALSE
FALSE	noun (inanimate)			clock, timer, time measurement circuit	clock, timer		FALSE
FALSE	noun (animate)			disaster, tragedy, catastrophe	disaster, tragedy, catastrophe		FALSE
FALSE	adjective			absolute, critical, crucial (maximum, limit, etc)	absolute, critical, crucial		FALSE
FALSE	noun (inanimate)			act, deed, action	act, deed, action		FALSE
FALSE				age, aging?			FALSE
FALSE	verb (intransitive)			{experiencer} reach {lative}, arrive; access	reach, arrive, access		FALSE
FALSE	verb (intransitive)			ascend, rise, go up, get up	ascend, rise, go up, get up		FALSE
FALSE	verb (intransitive)			descend, go down, get down	descend, go down, get down		FALSE
FALSE	verb (intransitive)			leave, depart, go away, exit, go out	leave, depart, go away, away, exit, out		FALSE
FALSE	verb (intransitive)			enter, go in	enter, go in		FALSE
FALSE	verb (intransitive)			return, go back	return, go back		FALSE
FALSE	verb (transitive)			{agent} give regards or well-wishes to {experiencer}	regards, wish, wishes, well-wishes		FALSE
FALSE	verb (intransitive)			{experiencer} feel relieved, {experiencer} have decreased emotional burden	relief, relieve, relieved		FALSE
FALSE	verb (transitive)			fetch, retrieve, acquire, recover	fetch, retrieve, acquire, recover		FALSE
FALSE	verb (intransitive)			float, hover, levitate	float, hover, levitate		FALSE
FALSE	noun (inanimate)			cargo, shipment, parcel, package	cargo, shipment, parcel, package		FALSE
FALSE	noun (inanimate)			promise token, contract, instructions (usually for followup research or the cleanup after a project); (alien studies) money	promise, token, contract, instructions, money		FALSE
FALSE	verb (transitive)			unsettle, disturb, creep out	unsettle, disturb, creep out, creep, creepy		FALSE
FALSE	noun (inanimate)			metaphor, analogy, figure of speech	metaphor, analogy, figure of speech		FALSE
FALSE	verb (transitive)			{experiencer} be exposed to {agent}, vulnerable, susceptible	exposed, bare, prone, susceptible, vulnerable		FALSE
FALSE	adjective			promising, consequential in a positive way	promising, consequential		FALSE
FALSE	adjective			alarming, consequential in a negative way	alarming, consequential		FALSE
FALSE	adjective			important, raising questions, consequential in a mixed way	important, consequential		FALSE
FALSE	particle			(before a statement) I wonder if, might it be; (before a content question) I wonder what, I wonder how, etc.	wonder		FALSE
FALSE	verb (transitive)			circumvent, escape, violate, cheat (rule or constraint)	circumvent, escape, violate, cheat		FALSE
FALSE	determiner			any, doesn't matter which, free choice among	any		FALSE
TRUE	verb (impersonal)	ãː.dɾa	áadra	it be busy, it be hectic, there be activity	busy, hectic, active, activity		FALSE
TRUE	noun (inanimate)	aːs	aas	the phoneme /aː/ and the matching letter	/aː/, aa		FALSE
TRUE	noun (inanimate)	ãːɕ	áax	the phoneme /ãː/ and the matching letter	/ãː/, áa		FALSE
TRUE	adjective	a.‍ca	a‍ca	colour that contains yellowish, green and cyan light but not much infrared, "cold white"	cold, white, cold white	colour	FALSE
TRUE	noun (inanimate)	a.cẽ‍	acé‍	state, status, condition, way to be	state, status, condition, way		FALSE
TRUE	noun (animate)	a.dew	adeu	mother (or sole parent, for species that only have one)	mother, parent	family	FALSE
TRUE	noun (inanimate)	a.diː.nø	adiino	splinter, shard, tapered hard piece; needle; nail, pin, staple, carpentry joint fastener	splinter, shard, needle, nail, staple, fastener	objects	FALSE
TRUE	verb (transitive)	a.hajɾ	ahair	attack, hunt, prey on (note: used to have the connotations of "natural disaster", now technical term far from daily life)	attack, hunt, prey	animals	FALSE
TRUE	verb (transitive)	aj.ɸi	aifi	love, care (prototype: as an equal; experiencer is cared for, agent makes the effort)	love, care	social	FALSE
TRUE	noun (inanimate)	al	al	the phoneme /a/ and the matching letter	/a/, a		FALSE
TRUE	noun (inanimate)	ãʎ	áll	the phoneme /ã/ and the matching letter	/ã/, á		FALSE
TRUE	adverb	a.ɲce	ance	enough, sufficiently	enough, sufficiently		FALSE
TRUE	noun (inanimate)	aɾ.ca	arca	basin, area between watersheds; fringe, wilderness; sphere of influence, orbit (gravitational centre takes ablative case, orbiting body takes inalienable case)	basin, watershed, fringe, wilderness, influence, orbit	nature, science	FALSE
TRUE	interjection	a.ɾyː	aruu	yes, correct, agreed (someone stated something and I endorse the statement, meaning I agree with any negatives too)	yes, correct, agree		FALSE
TRUE	adjective	aɾ.we	arwe	perfect, ideal, easily simplified without losing information	perfect, ideal		FALSE
TRUE	noun (animate)	as.jøː	asjoo	Nomai equivalent to mammal: any being that inherited the same bone arrangement and body plan, most with hooves	mammal	animals	FALSE
TRUE	verb (transitive)	a.sø	aso	need, require, demand, {experiencer} be necessary for {agent}	need, require, demand, necessary		FALSE
TRUE	verb (transitive)	ãwɾ	áur	remember, apply knowledge of	remember, memory		FALSE
TRUE	noun (inanimate)	aw.te	aute	inventory, totality of items someone is holding or has access to; (archaic) shoulder-wool; (idiomatic) physically felt emotions, "bones", core of someone's being	inventory, hold, item, access, emotions, core, soul		FALSE
TRUE	verb (intransitive)	a.ʙẽ.cẽ	avécé	zip, shoot, streak, go quickly; rush, hurry, head straight (towards somewhere)	zip, shoot, streak, quickly, fast, rush, hurry, straight, directly		FALSE
TRUE	noun (inanimate)	ã.wẽʎ	áwéll	electricity, electric charge (note: sign convention is opposite the human one, electrons are positive)	electricity, charge, electron	science	FALSE
TRUE	noun (animate)	a.ɕa.ci ɾi.ʙəː.ʙyː.mã	axaci rivyyvuumá	the Statue Workshop	statue workshop		FALSE
TRUE	noun (animate)	a.ɕaj	axai	workshop, manufacturing plant	workshop, manufacture, factory		FALSE
TRUE	noun (inanimate)	ba	ba	centre, middle, place surrounded by	centre, center, middle, surround		FALSE
TRUE	pronoun	bã	bá	he, she, it, the one the narrative is about, 3S.PROX, third-person proximate animate singular pronoun	he, she, it		FALSE
TRUE	adjective	bãː.by	báabu	medium amount, average few-many	much, little, medium, amount		FALSE
TRUE	verb (transitive)	ba.ce	bace	support, prop up, hold under compression	support, prop, hold		FALSE
TRUE	verb (transitive)	bãɸ	báf	throw, toss, drop, put in freefall by letting go of	throw, toss, drop, let go		FALSE
TRUE	noun (inanimate)	baɸ.ɲẽ	bafnné	hill, mound, meadow (usually very low and smooth)	hill, mound, meadow	nature	FALSE
TRUE	noun (inanimate)	baɬ	bahl	work piece, unfinished creation, work in progress	work, work piece, work-piece, unfinished, progress, work in progress, work-in-progress, wip		FALSE
TRUE	verb (transitive)	bãj	bái	interest, stimulate, be neat to	interest, neat		FALSE
TRUE	adjective	ba.me	bame	strict, strong (of conjecture), which makes claims about many situations; limiting, picky	strict, strong, limiting, picky	science	FALSE
TRUE	verb (transitive)	bã.ɾe	báre	smith, forge, industrially manufacture, create with heavy machinery	smith, forge, manufacture, produce		FALSE
TRUE	noun (inanimate)	bã.ɾe.cãwɾ	bárecáur	smithy, forge, machinery workshop	smithy, forge, workshop		FALSE
TRUE	noun (inanimate)	bã.ɾe.cãw.ɾi dəː.lil.di ti.ɬə̃ɾ	bárecáuri dyylildi tihlýr	the Black Hole Forge	black hole forge		FALSE
TRUE	noun (inanimate)	ba.saw	basau	floor, pavement, manufactured surface to stand on	floor, pavement		FALSE
TRUE	noun (inanimate)	bã.sẽj	báséi	text, writing, instance of written language, written work, composition	text, write, writing	language	FALSE
TRUE	adjective	baw	bau	new, recent, discovered or assigned to its role a short time ago	new, recent		FALSE
TRUE	pronoun	bã.wã	báwá	those two, the two of them, the two people or animals the narrative is about, 3D.PROX, third-person proximate animate dual pronoun	they, them, two		FALSE
TRUE	noun (inanimate)	be	be	wool, undercoat, short hair	wool, hair	body	FALSE
TRUE	noun (inanimate)	bẽ.cy	bécu	bridge, deck, any suspended floor	bridge, deck		FALSE
TRUE	verb (transitive)	bẽː	bée	eat, consume, ingest; prototype: chew on loose dried hay	eat, consume, ingest, chew	body	FALSE
TRUE	noun (inanimate)	beɬ.biː	behlbii	a type of plant with unusually sweet young leaves and a sugary root; (name) Mallow	mallow	names, plants	FALSE
TRUE	adjective	bel.we	belwe	distant, far-off, absent	distant, far, absent, distance		FALSE
TRUE	verb (transitive)	bẽ.pi	bépi	channel, constrain, narrow down onto a limited path (what a mountain pass does to a herd)	channel, constrain, narrow		FALSE
TRUE	noun (inanimate)	bẽ.pil	bépil	cannon, launcher, (rail, magnetic, or gravity) gun	cannon, launcher, gun	tools	FALSE
TRUE	noun (inanimate)	bẽ.pil pø.ʙas.cẽ	bépil povascé	gravity cannon	gravity cannon		FALSE
TRUE	noun (inanimate)	bẽ.pi.li ʎa.wa.ʙyː.mã	bépili llawavuumá	the Orbital Probe Cannon	orbital probe cannon		FALSE
TRUE	conjunction (clause)	beɾ	ber	so, therefore, as a result, A implies B	so, therefore, result, implies, imply		FALSE
TRUE	verb (intransitive)	bẽ.sy.ma	bésuma	(archaic) grow grass, become grass or grassy; (modern) perish, pass away, literary euphemism for dying	perish, pass away, pass, die		FALSE
TRUE	verb (transitive)	bẽ.tøːɸ	bétoof	satisfy, ease, make content	satisfy, satisfying, ease, content, happy		FALSE
TRUE	adjective	bi.høs	bihos	customised, fitted, dedicated, assigned, personal, private (most clothes, tools and such are interchangeable between Nomai)	customised, fitted, dedicated, personal, private		FALSE
TRUE	noun (inanimate)	biː	bii	the phoneme /b/ and the matching letter	/b/, b	letters	FALSE
TRUE	noun (inanimate)	bi.məj	bimyi	clause (unit of grammar); claim, proposition	clause, claim, proposition, sentence	language	FALSE
TRUE	conjunction (clause)	bi.ɕø	bixo	but then later, A and subsequently in contrast B	but later		FALSE
TRUE	verb (intransitive)	bjã	bjá	maneuver, burn, accelerate, change the velocity of a spacecraft	maneuver, burn, accelerate, velocity		FALSE
TRUE	noun (inanimate)	bjã.dø̃j	bjádói	maneuver, burn, instance of changing the velocity of a spacecraft; move (in a game); payoff, reward	maneuver, burn, acceleration, move, payoff, reward		FALSE
TRUE	interjection	bjaɸ	bjaf	(onomatopoeia) sudden, periodic, low-pitched sound: bark, hoot	bark, hoot		FALSE
TRUE	noun (inanimate)	bjãw	bjáu	cellulose, edible bulk of green plants; staple macronutrient, the normal thing to eat a lot of (compare bread in English or rice in Chinese)	cellulose		FALSE
TRUE	verb (transitive)	bjẽː	bjée	test, experiment on, do things to and record what happens ("testing someone" is a friendly interaction of bouncing ideas off them)	test, experiment	science	FALSE
TRUE	noun (inanimate)	bjyː	bjuu	rule, contract, social agreement (especially temporary one for a dangerous test or expedition); (as observer, forms strict commands) bjuux pé 'jump!'	rule, contract, agreement	social	FALSE
TRUE	noun (inanimate)	bjəl.caj	bjylcai	sickle, scythe, machete, sweeping bladed tool for cutting grass or crops; (alien studies) sword, bladed weapon	sickle, scythe, machete, sword		FALSE
TRUE	noun (inanimate)	bø̃.dew	bódeu	a type of wide bush with large strong-scented flowers, (name) Conoy	conoy	names, plants	FALSE
TRUE	verb (transitive)	bø.dø̃l	bodól	teach, train, educate, guide into learning	teach, train, educate		FALSE
TRUE	noun (inanimate)	bø.dø̃.lal	bodólal	textbook, guidebook, manual, learning resource	textbook, guidebook, manual		FALSE
TRUE	adjective	bøɾ	bor	wet, touched by liquid water	wet		FALSE
TRUE	adjective	bø.waɾ	bowar	strong, tough, durable, robust, resistant	strong, tough, durable, robust		FALSE
TRUE	noun (animate)	bø.ɕi	boxi	uncle (brother of a parent)	uncle		FALSE
TRUE	noun (inanimate)	bɾaːl	braal	titanium (element)	titanium	materials	FALSE
TRUE	noun (inanimate)	bɾaː.sa	braasa	(archaic) walled village, fort; (modern) bulkhead, airtight internal division; district, neighbourhood, city block	district, module, bulkhead, block, neighbourhood		FALSE
TRUE	noun (inanimate)	bɾaː.saj bã.ɾe.cãw.ɾi.nyɾ dəː.lil.di ti.ɬə̃ɾ	braasai bárecáurinur dyylildi tihlýr	the Black Hole Forge District	black hole forge district, district		FALSE
TRUE	noun (inanimate)	bɾaː.saj cʎe.maː.jyɾ ɕe.ɾi.nyɾ	braasai clemaajur xerinur	the Eye Shrine District	eye shrine district, district		FALSE
TRUE	noun (inanimate)	bɾaː.saj cøː.si.nyɾ	braasai coosinur	the School District	school district, district		FALSE
TRUE	noun (inanimate)	bɾaː.saj e.pa.te.pe.jyɾ	braasai epatepejur	the Anglerfish Overlook District	anglerfish overlook district, district		FALSE
TRUE	noun (inanimate)	bɾaː.saj pe.bẽːs	braasai pebées	the Meltwater District	meltwater, meltwater district, district		FALSE
TRUE	noun (inanimate)	bɾaː.saj sel.maɾ.mø̃	braasai selmarmó	the Stepping Stone District	stepping stone district, district		FALSE
TRUE	determiner	bɾãj	brái	other, separate, different, distinct	other, separate, different, distinct		FALSE
TRUE	noun (inanimate)	bɾẽːj	bréei	patch, cluster, area defined by uniformity in plant species and growth stage; island in liquid; plate of planetary crust	patch, cluster, island, tectonic plate		FALSE
TRUE	verb (intransitive)	bɾeɸ	bref	end up, go inadvertently, find oneself (somewhere or doing something); evolve, develop	end up, inadvertently, find oneself, evolve, develop		FALSE
TRUE	verb (transitive)	bɾe.ɬi	brehli	(of pouch or similar) invert, flip, turn inside out, cause to curve the other way; toggle, move between low-energy states	invert, flip, turn, inside out, toggle, snap		FALSE
TRUE	conjunction (phrase)	bɾy	bru	and also, and so, and as expected, so naturally (positively correlated)	so, also, and		FALSE
TRUE	noun (inanimate)	bɾə̃ɕ.ta	brýxta	Bryn'chta berry (large crimson berry from a small bitter bush, with a toxic surface, becoming safe and very sweet when boiled, used in tea and liquor - word and definition courtesy of mitsymarcella and kravenergeist on Discord)	bryn'chta berry, bryn'chta, berry	food	FALSE
TRUE	noun (inanimate)	bsãː	bsáa	version, variant, subtype, iteration; isotope	version, variant, subtype, iteration, isotope		FALSE
TRUE	verb (intransitive)	bsøː	bsoo	warn, inform someone of danger	warn	social	FALSE
TRUE	noun (inanimate)	bsøː.dø̃j	bsoodói	warning	warning	social	FALSE
TRUE	adjective	bsə.cə	bsycy	in vain, to no effect, uselessly, ineffectively, for no reason	vain, in vain, to no effect, uselessly, ineffectively, for no reason		FALSE
TRUE	noun (animate)	byɬ.biɬ	buhlbihl	louse, tick, one of many small creatures that live in Nomai fur	louse, tick, bug		FALSE
TRUE	noun (inanimate)	by.nã	buná	path, route, trajectory (object's changing location over time)	path, route, trajectory		FALSE
TRUE	verb (intransitive)	by.rẽ	buré	assess, judge, summarise deep-dive knowledge for a differently hyperfocused audience, give a verdict	assess, judge, summarise		FALSE
TRUE	noun (inanimate)	byːɬ	buuhl	asteroid, meteor, rocky body of negligible gravity; piece of space debris	asteroid, meteor, space debris		FALSE
TRUE	noun (inanimate)	byː.maj	buumai	atmosphere, sky; (name) used as a stand-in for any unknown phenomenon whose identity cannot (sadly) be investigated right now	atmosphere, sky, placeholder	names, science, social	FALSE
TRUE	noun (animate)	bə	by	team, crew, force, squad	team, crew, force, squad		FALSE
TRUE	noun (animate)	bəj.sa	byisa	young adult	young adult	family	FALSE
TRUE	noun (inanimate)	bəl	byl	head, part of a Nomai with the brain, sense organs, and antlers	head	body	FALSE
TRUE	numeral	bə.ɲøl.be	bynnolbe	2,176,782,336 (6^12)	2,176,782,336, 6^12	numbers	FALSE
TRUE	verb (transitive)	bəɾ.ʎa	byrlla	chisel, neaten, adjust, make symmetrical, decorate, finish	chisel, neaten, adjust, decorate, finish		FALSE
TRUE	verb (transitive)	bəs	bys	{agent} give gratitude/thanks/credit to {experiencer}	gratitude, thanks, credit	social	FALSE
TRUE	noun (inanimate)	bə.sø̃j	bysói	gratitude, thanks, credit	gratitude, thanks, credit	social	FALSE
TRUE	noun (inanimate)	bə̃s.ɾẽɾ.he	býsrérhe	strap, belt, sling; arch, yoke (as from one shoulder pad to the other)	strap, belt, sling, arch, yoke	objects	FALSE
TRUE	adverb	bə.weːj.ɾi	byweeiri	twistedly, evilly, in neglect, with grievous danger involved	twisted, evil, twistedly, evilly, neglect, danger	social	FALSE
TRUE	noun (inanimate)	bə̃ː.ʎẽ	býyllé	atom	atom	science	FALSE
TRUE	adjective	bəːɾ.ʎø̃	byyrlló	medium-nice, decent, average in properness or politeness	nice, okay, decent	social	FALSE
TRUE	noun (inanimate)	ca	ca	the phoneme /c/ and the matching letter	/c/, c	letters	FALSE
TRUE	adjective	caːl	caal	intended, the right one, correct, fitting, suitable	intended, right, correct, fitting, suitable		FALSE
TRUE	noun (inanimate)	caːʎ	caall	Nomai cubit, unit of distance equal to 0.6524 metres (approximately an adult Nomai forearm)	foot, metre, meter, cubit	science, spatial	FALSE
TRUE	verb (transitive)	caː.pə̃ɾ	caapýr	endanger, risk, compromise, be a hazard to	endanger, risk, compromise, hazard		FALSE
TRUE	pronoun	caːɾ	caar	impersonal pronoun, like "one" in "one should not steal" or "someone" in "someone has eaten my sandwich". Behaves like an animate singular.	one, someone, impersonal		FALSE
TRUE	noun (animate)	ca.cø̃	cacó	child, offspring	child, offspring	family	FALSE
TRUE	verb (intransitive)	ca.dal	cadal	answer, respond, communicate back	answer, respond		FALSE
TRUE	noun (inanimate)	ca.dyɾ	cadur	model, miniature, prop, physical prototype	model, miniature, prop, prototype	objects	FALSE
TRUE	noun (animate)	ca.dwi	cadwi	curiosity, the drive to seek explanations, scientific method	curiosity, science, scientific method	science	FALSE
TRUE	verb (transitive)	caj	cai	{agent} receive/get/acquire/obtain {experiencer}; {experiencer} appear, show up, come in	receive, get, gain, acquire, obtain, appear		FALSE
TRUE	noun (inanimate)	cãj.dẽw	cáidéu	myth, legend, folklore	myth, legend, folklore	language	FALSE
TRUE	adjective	cal.ma	calma	harsh, strenuous, laborious, taxing	harsh, strenuous, laborious, taxing		FALSE
TRUE	verb (transitive)	cã.mã	cámá	restore, reset, put into previous state	restore, reset		FALSE
TRUE	verb (transitive)	cã.paw	cápau	interrupt, disrupt, intrude on, cause discontinuity in	interrupt, disrupt, intrude		FALSE
TRUE	noun (inanimate)	cã.piː	cápii	memory (space), drive, database (usually electronic)	memory, drive, database	technology	FALSE
TRUE	noun (inanimate)	cãs	cás	brain	brain	body	FALSE
TRUE	verb (transitive)	cã.sə̃ː	cásýy	have the theoretical knowledge to (do something), know the steps, be able to verbalise a process	know, be able, can		FALSE
TRUE	noun (inanimate)	ca.ta	cata	stone, pebble	stone, pebble	objects	FALSE
TRUE	noun (inanimate)	ca.ta ɬø.tə.ʙyː.mã	cata hlotyvuumá	projection stone	projection stone	objects, tools	FALSE
TRUE	verb (intransitive)	caw.ma	cauma	lie, recline, lounge	lie, recline, lounge	body	FALSE
TRUE	noun (inanimate)	caw.tãː	cautáa	(navigation) heading, leg, one instruction in a series of directions; period, interval, stage, phase, connected region limited by a start and an end; window of opportunity, tolerance range	heading, leg, instruction, direction; period, interval, window, opportunity, tolerance range	spatial	FALSE
TRUE	noun (inanimate)	cã.ɕø.sel	cáxosel	series, sequence, queue, chain, linear arrangement of something	series, sequence, queue, chain, array		FALSE
TRUE	verb (transitive)	ce.di	cedi	replicate, simulate, account for behaviour of	replicate, simulate, account	science	FALSE
TRUE	noun (inanimate)	ceː.lãː	ceeláa	medicine, additive, any substance introduced to an interacting system to alleviate strain or protect something	medicine, additive, drug	technology	FALSE
TRUE	adjective	cẽː.ɲa	céenna	strange, weird, unaccounted for, at the edge of predictability	strange, weird, unaccounted		FALSE
TRUE	noun (inanimate)	cẽːɾ	céer	metal (mass noun for the material)	metal	materials	FALSE
TRUE	verb (transitive)	cẽːtɬe	céetle	crack, chip, cause to come apart along a structurally weak line	crack, chip		FALSE
TRUE	verb (transitive)	cẽ.ɸi	céfi	suspend, pause, put on hold	suspend, pause, hold		FALSE
TRUE	adjective	cel	cel	bright, luminous, glowing, shining, radiant	bright, luminous, glowing, shining, radiant		FALSE
TRUE	verb (intransitive)	cẽ.ɾẽɕ	céréx	(archaic) graze in an expanding spiral	graze, spiral		FALSE
TRUE	noun (animate)	ceɾ.taw	certau	baby, infant	baby, infant	family	FALSE
TRUE	noun (inanimate)	ces‍	ces‍	taste, flavour	taste, flavour, flavor	food	FALSE
TRUE	adjective	cẽs.cø	césco	medium-loudness, average loud/quiet	medium-loudness, loud, quiet		FALSE
TRUE	noun (inanimate)	cẽs.daɾ	césdar	spark, arc, flash, glint, glitter, any transient light	spark, arc, flash, glint, glitter		FALSE
TRUE	noun (inanimate)	cẽs.daɾ.cel	Césdarcel	(place name) Bright Spark (compound of césdar 'flash' + cel 'bright')	Bright Spark	placenames	FALSE
TRUE	noun (animate)	ce.tɬi	cetli	bug, insect, one of many small creatures that live in Nomai vegetation	bug, insect	animals	FALSE
TRUE	noun (inanimate)	cẽ.ɕ	céx	goal, objective, target; destination, endpoint	goal, objective, target, destination, endpoint		FALSE
TRUE	verb (transitive)	ci.bə	ciby	mash, squish, turn into paste	mash, squish, paste	materials	FALSE
TRUE	noun (inanimate)	ciː	cii	front, place in front of something (inherent, defined by the shape of the thing itself)	front, ahead	spatial	FALSE
TRUE	noun (animate)	ciː.baj	ciibai	couple, group of lovers (usually two but not always)	couple, lovers	social	FALSE
TRUE	noun (inanimate)	ciːɬ.dø̃	ciihldó	a type of herb with poisonous berries and very hard seeds; (name) Poke	Poke	names, plants	FALSE
TRUE	noun (inanimate)	ciːl.ɲẽ	ciilnné	keepsake, memento, heirloom	keepsake, memento, heirloom	objects	FALSE
TRUE	noun (inanimate)	ciː.mby	ciimbu	lead (element, related to ciipe 'finally')	lead	materials	FALSE
TRUE	adverb	ciː.pe	ciipe	finally, eventually, ultimately, after a chain of causation (implies stable state)	finally, eventually, ultimately, in the end		FALSE
TRUE	verb (transitive)	ci.lãː	ciláa	burn, combust, incinerate	burn, combust, incinerate		FALSE
TRUE	noun (inanimate)	ci.lel.ʙẽ	cilelvé	polar ring, circle of planetary regions where the surface normal is parallel with axis of rotation; pole	pole, polar ring	spatial	FALSE
TRUE	verb (transitive)	ci.ɲaɾ	cinnar	illuminate, light, brighten, turn lights on at; make understandable, serve the community regarding	illuminate, light, brighten		FALSE
TRUE	noun (inanimate)	ci.nə̃.ɕã	cinýxá	adventure, undertaking, experience; period of sole focus; drug trip (usually hypnotic rather than chemical, but similar in effect)	adventure, undertaking, experience, focus; trip	social	FALSE
TRUE	verb (transitive)	ci.paɕ	cipax	sketch, scribble, mark informally; write or draw using something other than a staff	sketch, scribble, mark, write, draw	art	FALSE
TRUE	pronoun	ci.ɾøj	ciroi	this (thing, being, or situation close to or mentioned by both speaker and listener)	this		FALSE
TRUE	noun (inanimate)	cis	cis	egg; bulb (nutrient-rich hibernating form of a high altitude plant)	egg, bulb	plants	FALSE
TRUE	noun (animate)	ci.sa.li	cisali	Nomai equivalent to primate: an animal of the broader clade in which Nomai evolved, ruminant, ungulate	primate, ruminant, ungulate	animals	FALSE
TRUE	noun (inanimate)	cʎaː.ɕi	claaxi	a type of small shrub or herb from dry plains that can be used to make a purplish dye; (name) Spire	spire	names, plants	FALSE
TRUE	verb (intransitive)	cʎãɸ	cláf	bump antlers with someone (gesture of trust or joy)	untranslatable	body	FALSE
TRUE	adjective	cʎaj	clai	weak, fragile, brittle	weak, fragile, brittle	materials	FALSE
TRUE	noun (inanimate)	cʎã.le	clále	bone	bone	body, materials	FALSE
TRUE	noun (inanimate)	cʎe.maː	clemaa	shrine, forum, dedicated room for discussion of a set topic	shrine, forum	vessel	FALSE
TRUE	noun (inanimate)	cʎeɾ	cler	root-tuber; nexus, central junction; source, origin, privileged place to study a radiating phenomenon; centralised machinery, control system, engine room	tuber, nexus, junction, source, origin	vessel, plants	FALSE
TRUE	noun (inanimate)	cʎes	cles	minimal viable solution, simplest approach	minimal viable solution, simplest approach	science	FALSE
TRUE	adverb	cʎøɾ	clor	fast, quickly, at high speed	fast, quick, quickly, speed		FALSE
TRUE	verb (transitive)	cʎy	clu	apply, practice, implement, realise	apply, practice, implement, realise, realize		FALSE
TRUE	noun (inanimate)	cʎə̃ː	clýy	light, electromagnetic radiation	light, radiation	science	FALSE
TRUE	noun (inanimate)	cø̃	có	part, piece, section, feature	part, piece, section, feature	objects	FALSE
TRUE	verb (impersonal)	cøɸ.se	cofse	rain, there be precipitation occurring	rain, precipitation	nature	FALSE
TRUE	verb (transitive)	cø̃.həɕ	cóhyx	anger, make angry, cause sense of unfairness in	anger, angry, unfair	sensations, social	FALSE
TRUE	determiner	cøj	coi	this (near us both), determiner deictic for things near both speaker and listener	this		FALSE
TRUE	noun (inanimate)	cø̃jl	cóil	door, gate, entrance, exit (focusing on passage not hatch: a set of double doors is called the singular)	door, gate, entrance, exit	objects, spatial	FALSE
TRUE	verb (transitive)	cø̃j.mø	cóimo	gaze at, scope at, look from afar (with third eye or tech)	gaze, scope, look	body	FALSE
TRUE	noun (inanimate)	cø̃j.mø.cãwɾ	cóimocáur	overlook, vantage point, viewing spot	overlook, vantage point, viewing spot		FALSE
TRUE	noun (inanimate)	cø̃j.mø.cãw.ɾi e.pa.te.pes.cẽ	cóimocáuri epatepescé	the Anglerfish Overlook	anglerfish overlook, anglerfish, overlook		FALSE
TRUE	noun (inanimate)	cø̃.mø̃.ɲə̃ː	cómónnýy	nitrogen (element)	nitrogen	materials	FALSE
TRUE	verb (intransitive)	cø.nã	coná	feel, experience emotion or sensation	feel, experience, emotion, sensation	sensations	FALSE
TRUE	noun (inanimate)	cø̃.nøː	cónoo	rhythm, pace, rate, beat	rhythm, pace, rate, beat	time	FALSE
TRUE	noun (inanimate)	cø̃ː.nẽ	cóoné	oxygen, the key ingredient of breathable air	oxygen	materials	FALSE
TRUE	noun (animate)	cøːs	coos	school, site and institution of learning	school, education, institute	places	FALSE
TRUE	adjective	cy.bøː.biː	cuboobii	ill-defined, ambiguous, underconstrained (technical term)	ill-defined, ambiguous, underconstrained		FALSE
TRUE	noun (inanimate)	cy.ha.me	cuhame	weed, sharp or stinging plant	weed	plants	FALSE
TRUE	verb (intransitive)	cyj	cui	be thirsty	thirst, thirsty	body, sensations	FALSE
TRUE	adjective	cy.pɾa	cupra	strong, powerful; capable of brute force (closer to 'dangerous' than 'resilient')	strong, powerful, force, forceful, brute		FALSE
TRUE	noun (inanimate)	cy.ɾã	curá	wood (mass noun for the material)	wood	materials	FALSE
TRUE	adjective	cyɾ.bẽ	curbé	sweet, sugary, fructose-flavoured (one of five basic tastes, pillar of Nomai cooking and common in main courses)	sweet, sugary, fructose	food	FALSE
TRUE	adjective	cy.sø	cuso	last, final, not followed by any	last, final		FALSE
TRUE	noun (inanimate)	cyː	cuu	sprouting spot, new plant life	sprout, new, grow, growth	plants	FALSE
TRUE	noun (animate)	cyːl	cuul	adolescent, teen, Nomai of sexually mature but still dependent age	adolescent, teen, youth	family	FALSE
TRUE	verb (transitive)	cə̃	cý	spit, spray, gush, flood (emit a liquid)	spit, spray, gush, flood		FALSE
TRUE	noun (inanimate)	cə̃.døɬ	cýdohl	letter (of an alphabet), symbol with a phonemic value	letter, symbol, alphabet	letters, language	FALSE
TRUE	verb (transitive)	cə.ɸə	cyfy	specialise in, narrow one's attention towards (experiencer makes effort, agent constitutes topic)	specialise, expert, field	social, science	FALSE
TRUE	noun (inanimate)	cə̃ɬ	cýhl	(large) lake, water-filled ravine; (alien studies) sea	lake, sea	nature	FALSE
TRUE	verb (transitive)	cə̃j.də̃	cýidý	care for, watch over, raise (as child)	care, care for, watch, watch over, raise, parent	social	FALSE
TRUE	noun (inanimate)	cəʎ	cyll	glove, mitt, item of clothing for a hoof or extremity	glove, mitt, mitten	objects, clothes	FALSE
TRUE	noun (inanimate)	cəʎ wiːʙyː.mã	cyll wiivuumá	sock, shoe, boot, footwear (literally 'shank glove')	sock, shoe, boot, footwear	objects, clothes	FALSE
TRUE	noun (inanimate)	cə̃.ni	cýni	thing, concept, deal, abstraction, idea	thing, concept, deal, abstraction, idea		FALSE
TRUE	noun (inanimate)	cə.ɲa	cynna	sex (one of variant body types within a species); gender (when qualified with 'brain' or 'mind')	sex, gender	body	FALSE
TRUE	noun (inanimate)	cə.nø	cyno	joke, pun, witticism	joke, pun, witticism	language	FALSE
TRUE	noun (animate)	cə.ɾel	cyrel	musician, instrument player	musician, instrument player		FALSE
TRUE	noun (inanimate)	cə.tɬã	cytlá	node, endpoint, vertex, crossroads, hub, base, fork (of a branch)	node, endpoint, vertex, crossroads, hub		FALSE
TRUE	adjective	cəw.he	cyuhe	sleek, silky, with hairs laid flat; calm, sleepy, lethargic	sleek, silky, calm, sleepy, lethargic	body	FALSE
TRUE	adverb	cə̃w.jə̃ː	cýujýy	mostly, largely, for the most part	mostly, largely		FALSE
TRUE	verb (transitive)	cə.ɕeɾ	cyxer	compensate, rebalance, counteract, account for	compensate, rebalance, counteract, account, account for		FALSE
TRUE	particle	cə̃ː	cýy	(before a clause) should, must, ought, better if (marks clause as optative, describing a desirable alternative world)	should, must, ought, better		FALSE
TRUE	adjective	cə̃ː.ʎy	cýyllu	opaque, not see-through	opaque		FALSE
TRUE	verb (transitive)	cəːɾ	cyyr	resemble, be detectably similar to	resemble, similar, like		FALSE
TRUE	noun (inanimate)	cə̃ː.ʙẽs	cýyvés	(element) highly reactive metal	metal, reactive	materials	FALSE
TRUE	adverb	da	da	less, a smaller amount	less		FALSE
TRUE	noun (inanimate)	dãːl.jø	dáaljo	a type of leafy plant that grows along the ground and reroots, resembling stinging plants but harmless; (name) Lami	lami	names, plants	FALSE
TRUE	noun (inanimate)	dãːɾ.ɕãɕ	dáarxáx	a type of hardy small tree with thorns and sour berries; (name) Laevi	laevi	names, plants	FALSE
TRUE	noun (inanimate)	daj	dai	likelihood, probability, confidence, closeness to observations in a certain type of abstract space	likelihood, probability, confidence		FALSE
TRUE	adverb	daʎ	dall	placeholder pointing to an earlier adverb: so, thus, like that, in that way	so, thus, like that		
TRUE	interjection	dal.tẽ	dalté	(initial greeting on sight, marks openness for a conversation) hello, can we talk	hello, hi, greeting, greetings	social, greetings	FALSE
TRUE	noun (inanimate)	da.mi	dami	Nomai hour, unit of time equal to 6^3 mbau (132.12 human minutes)	hour		FALSE
TRUE	noun (inanimate)	da.ni	dani	west, region to west of	west	spatial	FALSE
TRUE	noun (inanimate)	dã.ɲø̃	dánnó	phoneme, speech-sound	phoneme, sound	language	FALSE
TRUE	adjective	dã.pøɾ	dápor	stupid, indicative of multiple simultaneous failures to think clearly (note: extremely offensive)	stupid		FALSE
TRUE	verb (transitive)	das.cə	dascy	comb, rake, manipulate with a many-pronged tool	comb, rake	tools	FALSE
TRUE	noun (animate)	das.wa	daswa	laboratory, experimenting ground	laboratory	science	FALSE
TRUE	noun (animate)	das.waj dwẽ.nyɾ tãɬ	daswai dwénur táhl	the High Energy Lab	high energy lab	science	FALSE
TRUE	noun (inanimate)	dãw	dáu	nerve; wire, conductor, cable	nerve, wire, cable, conductor	body, technology	FALSE
TRUE	verb (transitive)	daw.sə	dausy	sabotage, attack, harm, ruin (even if experiencer is a person, the thing harmed is usually their projects or belongings)	sabotage, attack, harm, ruin		FALSE
TRUE	noun (inanimate)	dã.ʙøj	dávoi	mural, fresco, graffiti, representative artistic wall painting	mural, fresco, graffiti, painting	art	FALSE
TRUE	adjective	da.ʙøː.ɾ	davoor	orange, yellow, greenish yellow (colour detected by a Nomai lower eye's second cone cell)	orange, yellow, green	colours	FALSE
TRUE	adjective	da.wə	dawy	long as measured along the surface it rests on or sticks to; wide at the base, stout	long, wide, stout	spatial	FALSE
TRUE	adjective	daɕ	dax	small, compact, (spatially) condensed	small, compact, condensed	spatial	FALSE
TRUE	verb (transitive)	de	de	rub, scratch, scrub	rub, scratch, scrub		FALSE
TRUE	noun (inanimate)	dẽ	dé	reed, cane	reed, cane	objects, plants	FALSE
TRUE	noun (inanimate)	deː	dee	the phoneme /d/ and the matching letter	/d/	letters	FALSE
TRUE	noun (inanimate)	deː.bã	deebá	tool (chiefly handheld)	tool	tools, objects	FALSE
TRUE	verb (transitive)	dẽj.by	déibu	forbid, restrict, deny, {agent} exercise social control over {experiencer}; (archaic) deter, repel (what thorns do to grazers)	forbid, restrict, deny, control, deter, repel	social	FALSE
TRUE	verb (intransitive)	de.jy.tɾa	dejutra	gather, convene, party, take part in an arranged event	gather, convene, party, event	social	FALSE
TRUE	interjection	del	del	no, wrong (someone stated something and I dispute the statement, meaning I dispute any negatives too); also an answer to yes-no questions whose assumptions are not met	no, wrong		FALSE
TRUE	noun (animate)	de.ʎẽs	dellés	group (of animate beings)	group		FALSE
TRUE	noun (animate)	de.ʎyɕ	dellux	Nomai equivalent to reptile, chiefly small and insect-eating	reptile, lizard	animals	FALSE
TRUE	adjective	de.me	deme	faithful, realistic, representative, accurate, mundane	faithful, realistic, representative, accurate, mundane		FALSE
TRUE	noun (inanimate)	dẽ.pa	dépa	a type of short-lived quickly-spreading plant with small flowers, (name) Keek	keek	names, plants	FALSE
TRUE	noun (inanimate)	de.sã	desá	machine, device, gadget	machine, device, gadget	tools, objects	FALSE
TRUE	noun (inanimate)	de.te	dete	chunk, angular fragment, crystal	chunk, fragment, crystal	objects	FALSE
TRUE	noun (inanimate)	de.te pø.ʙaɕ.ʙyː.mã	dete povaxvuumá	gravity crystal	gravity crystal	objects	FALSE
TRUE	verb (transitive)	dẽw	déu	err, stray from, mess up, make a mistake with	err, error, stray, mess, mistake		FALSE
TRUE	adjective	dew.ɾøː	deuroo	foggy, murky, partly opaque or transparent; (communication link) poor, unstable, spotty	foggy, murky, opaque, poor, unstable, spotty		FALSE
TRUE	noun (inanimate)	di	di	snout, body part containing the lips and nostrils, somewhat protruding on a Nomai	snout	body	FALSE
TRUE	verb (transitive)	di.bys	dibus	reside at, live off of, depend on (what Nomai do to their own vessel)	reside, live, depend	vessel	FALSE
TRUE	verb (transitive)	di.byː	dibuu	split, divide, allocate, distribute	split, divide, allocate, distribute		FALSE
TRUE	pronoun	diː	dii	you all, 2P, second-person plural pronoun	you		FALSE
TRUE	noun (animate)	diː.jẽ	diijé	parent	parent	family	FALSE
TRUE	adjective	di.ɕəː	dixyy	thin, planar, flat, low-thickness	thin, planar, flat	spatial	FALSE
TRUE	verb (transitive)	dø	do	give, share, distribute, hand out, make available	give, share, distribute		FALSE
TRUE	noun (inanimate)	dø.ɸã	dofá	ray, sightline, (sonar) ping, point measurement	ray, sightline, ping	spatial, science	FALSE
TRUE	noun (inanimate)	dø.ɸãɬ.bø	dofáhlbo	time-series of visual data (often with depth, but captured from only one viewpoint; Nomai tend to consider this "raw"): video, movie (related to dofá 'ray')	video, movie		FALSE
TRUE	noun (animate)	dø̃ɸ.cy	dófcu	fan, admirer, follower	fan, admirer, follower	social	FALSE
TRUE	verb (transitive)	døɬ	dohl	plant, sow; install, secure, bring in, start to nurture	plant, sow, install	plants	FALSE
TRUE	noun (animate)	dø̃ɬ	dóhl	person, sapient being regardless of species; character, avatar (even if Nomai)	person, character, avatar		FALSE
TRUE	noun (animate)	døɬ.by	dohlbu	project, venture (originally the group doing it, now increasingly the whole abstract entity)	project, venture		FALSE
TRUE	noun (animate)	døɬ.byj sy.nyɾ ʙə.ɲə.sy.ci	dohlbui sunur Vynnysuci	the Ash Twin Project	Ash Twin Project, ATP		
TRUE	noun (animate)	dø̃.lẽ	dólé	independent researcher, someone who studies the same object without sharing their results, member of a compartmentalised project; rival, competitor, opponent	rival, competitor, opponent		FALSE
TRUE	pronoun	dø̃ː	dóo	refers to the experiencer/patient of the (innermost) clause it's in	untranslatable		FALSE
TRUE	noun (inanimate)	dɾe.ca.cẽ	drecacé	naturally occurring radioactive element	radioactive	materials	FALSE
TRUE	noun (inanimate)	dɾiː	drii	gist, summary, rounded-off description, consensus (typically less decisive than humans would prefer, since more detail is remembered)	gist, summary, consensus		FALSE
TRUE	noun (inanimate)	dɾø.ʙiː	drovii	a type of plant with clusters of tiny flowers and a pungent smell; (name) Yarrow	yarrow	names, plants	FALSE
TRUE	noun (inanimate)	dɾəʎ	dryll	piece of scrap, spare part, loose component; pet name for a tinkerer	scrap, spare, part, component	objects	FALSE
TRUE	noun (inanimate)	dse	dse	period, interval, difference between timestamps, duration	time, period, interval, duration		FALSE
TRUE	noun (animate)	dseː	dsee	herd, pack, collective noun for large animals including Nomai themselves	herd, pack, collective	animals, social	FALSE
TRUE	verb (transitive)	dsiː	dsii	read, consume the glyphs in, parse linguistic content from	read, parse	language	FALSE
TRUE	noun (animate)	dsiː.ndə	dsiindy	reader, member of the audience, (in nonspecific form) Nomai regardless of clan or involvement in any project, general public	reader, audience	language, social	FALSE
TRUE	noun (inanimate)	dsøɾ	dsor	computer, processor, control circuit	computer, processor, circuit	tools	FALSE
TRUE	noun (inanimate)	dsy.taw	dsutau	anomaly, aberration, something unpredicted even in theory	anomaly, aberration	science	FALSE
TRUE	verb (intransitive)	dsə.ɸe.ɕø̃j	dsyfexói	compete, spar, test one's mettle, play a game of skill	compete, spar, test, play	social	FALSE
TRUE	noun (inanimate)	dsə.te	dsyte	spike, transient, instantaneous change	spike, transient	science	FALSE
TRUE	noun (inanimate)	dy.døj	dudoi	inner equator, equator facing in towards planet's centre of mass	equator	spatial	FALSE
TRUE	verb (transitive)	dyj	dui	choose, select, pick; prefer	choose, select, pick, prefer		FALSE
TRUE	noun (inanimate)	dy.leː	dulee	(archaic) keystone, initial or recognisable tile of a pattern; (modern) coordinate origin; ornament, decoration, jewel	keystone, tile, origin, ornament, decoration	art, science	FALSE
TRUE	adjective	dyː	duu	new, young, recently created	new, young, recent		FALSE
TRUE	noun (inanimate)	dwaːj	dwaai	(modern) sensor, scanner; (archaic) rod driven into ground to feel for roots, rocks, water etc	sensor, scanner	tools, technology	FALSE
TRUE	noun (inanimate)	dwaːj tɬe.ɸəj.lə̃ɾ	dwaai tlefyilýr	spear, any pole weapon (literally "scaring rod")	spear, polearm, pole, weapon	tools	FALSE
TRUE	noun (inanimate)	dwẽ	dwé	energy, power, potential, abstract resource that can be spent to do work	energy, power, potential	science	FALSE
TRUE	adjective	dwẽ.mø	dwémo	energised, powered, charged	energised, energized, powered, charged	science	FALSE
TRUE	verb (transitive)	dwə.je	dwyje	be romantic with, be in love with, date, flirt	love, romance, romantic, date, flirt	social	FALSE
TRUE	verb (transitive)	də̃	dý	sadden, make grieve	sad, sadden, grieve	sensations	FALSE
TRUE	adjective	də̃.cã	dýcá	red, near-infrared (colour detected by a Nomai lower eye's first cone cell)	red	colours	FALSE
TRUE	noun (inanimate)	də̃.cø̃	dýcó	fabric, cloth, textile	fabric, cloth, textile	objects	FALSE
TRUE	adjective	dəɬ.lə̃ː	dyhllýy	unripe, immature, not ready (connotation: precious and central)	unripe, immature	plants	FALSE
TRUE	verb (transitive)	də̃.hy	dýhu	raise ears toward, show curious body language about 	curious	body	FALSE
TRUE	noun (animate)	də.ɾẽː	dyrée	sister (female person who shares at least one parent); (archaic) female person who shares a mother	sister	family	FALSE
TRUE	noun (inanimate)	də.ɾi	dyri	sun (star that has one or more planets, regardless of distance to viewer)	sun, star		FALSE
TRUE	noun (inanimate)	də̃w	dýu	inside, within, innards, part hidden by the surface of something	inside, within	spatial	FALSE
TRUE	adjective	dəw.haː	dyuhaa	rough, textured, wrinkled	rough, textured, wrinkled		FALSE
TRUE	noun (inanimate)	dəːl	dyyl	sphere, ball; either end of a wormhole in space	sphere, ball, wormhole		FALSE
TRUE	noun (inanimate)	dəːl cə̃.lə̃ɾ	dyyl cýlýr	white hole (literally 'spitting/emitting sphere')	white hole		FALSE
TRUE	noun (inanimate)	dəːl ti.ɬə̃ɾ	dyyl tihlýr	black hole (literally 'sucking/absorbing sphere')	black hole		FALSE
TRUE	verb (transitive)	dəːɾ	dyyr	list, enumerate, take inventory of	list, enumerate, inventory		FALSE
TRUE	noun (inanimate)	də̃ːw	dýyu	wave, instance of vibration that travels faster than what is vibrating	wave, wavefront		FALSE
TRUE	verb (transitive)	dəː.ʙẽw	dyyvéu	(touchlessly) activate, use, turn on, interact with by guiding with the third eye	activate, use, interact	technology	FALSE
TRUE	numeral	ẽ	é	one	one	numbers	FALSE
TRUE	verb (transitive)	e.be	ebe	ask about, ask to know, ask a question (recipient of question takes lative case)	ask, question		FALSE
TRUE	adverb	ẽ‍.‍bə̃	é‍‍bý	notionally, technically, in name only, strictly speaking	notionally, technically, in name only		FALSE
TRUE	interjection	e.ce	ece	right! now then! (used when refocusing after a distraction or changing topics according to plan)	right, okay	discourse	FALSE
TRUE	noun (inanimate)	e.cẽw	ecéu	platinum (element, related to é 'one')	platinum	materials	FALSE
TRUE	verb (transitive)	e.cʎes	ecles	anticipate, predict, expect; look forward to	anticipate, predict		FALSE
TRUE	noun (inanimate)	e.dsaːɸ.ɾel	edsaafrel	a type of herb with pungent root pustules that stimulate the sense of heat; (name) Capsicum	capsicum	names, plants	FALSE
TRUE	numeral	ẽː	ée	one (connective form)	one	numbers	FALSE
TRUE	verb (transitive)	eːɸ	eef	give trouble to, cause a problem for (if past tense, problem was probably solved)	trouble, problem, issue		FALSE
TRUE	noun (inanimate)	eː.ɸø̃j	eefói	trouble, problem, issue	trouble, problem, issue		FALSE
TRUE	verb (transitive)	eːɬ	eehl	{experiencer} see {agent} (passively, with lower eyes), be visible, be in plain sight	see, visible, sight		FALSE
TRUE	noun (inanimate)	eːs	ees	the phoneme /eː/ and the matching letter	/eː/, ee	letters	FALSE
TRUE	noun (inanimate)	ẽːɕ	éex	the phoneme /ẽː/ and the matching letter	/ẽː/, ée	letters	FALSE
TRUE	noun (inanimate)	e.hø	eho	example, sample, specimen, instance, representative	example, sample, specimen, instance, representative		FALSE
TRUE	interjection	ej	ei	marks utterance as already accepted information: as you know, after all, indeed, (something) does actually (verb); admittedly, to be sure	untranslatable, you know, as you know, after all, do		FALSE
TRUE	adverb	ẽjɕ	éix	backwards, in reverse, in inverted chronological order	backwards, reverse, inverted		FALSE
TRUE	noun (inanimate)	ẽ.ja	éja	outside, exterior, places outside; outer surface as seen from outside	outside, exterior, surface, outer, external		FALSE
TRUE	noun (inanimate)	el	el	the phoneme /e/ and the matching letter	/e/, e	letters	FALSE
TRUE	verb (intransitive)	e.laɬ	elahl	pass by, have a close encounter (with something), go from approaching to receding (from some perspective)	pass, encounter, past, by		FALSE
TRUE	noun (inanimate)	e.la.ɬø̃j	elahlói	close encounter, passing-by; periapsis, lowest point of an orbit; peak, climax, moment of maximum emotion	pass, encounter, periapsis		FALSE
TRUE	adjective	el.‍bə	el‍by	blind in upper eye, without high-acuity vision, myopic, nearsighted	blind, myopic, nearsighted		FALSE
TRUE	noun (inanimate)	ẽʎ	éll	the phoneme /ẽ/ and the matching letter	/ẽ/, é	letters	FALSE
TRUE	noun (inanimate)	e.ma	ema	legume, bean, pea, large starchy seed	legume, bean, pea		FALSE
TRUE	verb (transitive)	e.maː	emaa	bear, tolerate, withstand, last	bear, tolerate, withstand, last		FALSE
TRUE	adjective	ẽ.mba	émba	backward, inverted, opposite, negative	backward, inverted, opposite, negative		FALSE
TRUE	noun (inanimate)	e.mbəj	embyi	upper main sequence star, sunlike star	star, sunlike		FALSE
TRUE	noun (inanimate)	e.mej	emei	part of sky below eye level but above the terrain; horizon, distant places, edge of vision; (interjection) over, end of message, that's all	horizon, over, end		FALSE
TRUE	noun (inanimate)	e.nãːw	enáau	lower main sequence star, dwarf star, red dwarf	star, dwarf, red dwarf		FALSE
TRUE	noun (inanimate)	e.ɲiw	enniu	gold (element, related to nni 'two')	gold		FALSE
TRUE	noun (animate)	e.pa.te.pe	epatepe	a type of predatory fish known to an unseen non-Nomai species, similar to some sharks; (Outer Wilds system) anglerfish	anglerfish, shark		FALSE
TRUE	adverb	e.pe	epe	still, (in negatives) not yet, indicates that there has not been a change	still, yet, not yet		FALSE
TRUE	noun (inanimate)	eɾ.ɕiː.li	erxiili	elegant solution, efficient approach, trick as in "there's a trick to it"	solution, trick, knack, mastery		FALSE
TRUE	determiner	e.ta	eta	same, said, one already mentioned	same, said		FALSE
TRUE	noun (animate)	ẽ.tãː.pi	étáapi	alien, sapient non-Nomai (or with context, not the species being discussed)	alien		FALSE
TRUE	noun (inanimate)	ew.møj	eumoi	poem, verse, lyrics (art consisting of language obeying a surface level constraint)	poem, verse, lyrics		FALSE
TRUE	verb (transitive)	eɕ.he	exhe	offer (object), present, introduce (method or person), make available	offer, present, introduce		FALSE
TRUE	noun (inanimate)	ɸaː	faa	paint, dye, pigment	paint, dye, pigment		FALSE
TRUE	verb (transitive)	ɸãːɕ	fáax	want (to have or use or approach) (agent desires experiencer)	want		FALSE
TRUE	adjective	ɸãːɕ.lə̃ɾ	fáaxlýr	medium-length as measured along the surface it rests on or sticks to	long, length		FALSE
TRUE	noun (inanimate)	ɸa.ɸãs	fafás	stem, trunk (of plant); fuselage (of vehicle); spine, backbone (of animal), main thoroughfare (of any system)	stem, trunk, fuselage, spine, backbone, thoroughfare		FALSE
TRUE	noun (inanimate)	ɸaj	fai	universe	universe		FALSE
TRUE	noun (inanimate)	ɸãj	fái	rubber, (historically) any malleable sap or resin; (currently also) synthetic polymers, analogous to flexible plastics	rubber, plastic, sap, resin		FALSE
TRUE	noun (animate)	ɸaj‍.‍bø	fai‍‍bo	great-grandmother (not via female line)	great-grandmother, great grandmother, grandmother	family	FALSE
TRUE	noun (inanimate)	ɸa.ʎa	falla	type, kind, class, category (abstract combination of individually identifiable things)	type, kind, class, category		FALSE
TRUE	interjection	ɸaw	fau	no, that's true (someone asked a closed question in the negative and I deny the negative statement, affirming the underlying positive)	no, actually		FALSE
TRUE	noun (animate)	ɸã.ʙa	fáva	celebrity, notable, someone who reoccurs in stories from afar	celebrity, character		FALSE
TRUE	verb (transitive)	ɸa.we	fawe	{experiencer} not wear {agent}, be out of, have a bare body part that would be covered by	wear, naked		FALSE
TRUE	noun (inanimate)	ɸẽː.mẽː	féemée	a type of shrub with fragrant light-coloured flowers and tough leathery fruits; (name) Daz	daz	names, plants	FALSE
TRUE	conjunction (clause)	ɸe.ɸeɾ	fefer	X conj Y = X so with that in mind Y, seeing as X, Y, given X, Y; with X as background information, Y	so, seeing as, in mind, given		FALSE
TRUE	noun (inanimate)	ɸeɸ.naː	fefnaa	a kind of fluffy plant, used for thread and insulation	cotton, fibre, fiber		FALSE
TRUE	verb (transitive)	ɸe.ɬiː	fehlii	send, play, emit, express (message, sound, signal, emotion or the like)	send, play, emit, express		FALSE
TRUE	noun (animate)	ɸel.dil	feldil	(alternate universe) Hearthian individual, from Late Hearthian valdel of the same meaning (word courtesy of TransienceRealized on AO3)	hearthian		FALSE
TRUE	noun (inanimate)	ɸeʎ.cel	fellcel	aluminium (element)	aluminium		FALSE
TRUE	noun (inanimate)	ɸeɾ	fer	stripe, streak, shape defined by a continuous curve and a width	stripe, streak		FALSE
TRUE	verb (intransitive)	ɸes.ɲẽ	fesnné	be funny, be silly	funny, silly		FALSE
TRUE	noun (inanimate)	ɸi	fi	the phoneme /ɸ/ and the matching letter	/ɸ/, f	letters	FALSE
TRUE	adjective	ɸiɸ.da	fifda	quiet, soft, with little sound	quiet		FALSE
TRUE	noun (inanimate)	ɸiː	fii	mane, fur, long hair	mane, fur, hair		FALSE
TRUE	noun (inanimate)	ɸiː.ɕeː	fiixee	(element) inert gas, noble gas	inert gas, noble gas		FALSE
TRUE	adjective	ɸi.ja	fija	male (of the Nomai body/brain variant that usually has no womb, or analogous variants in unrelated trees of life)	male		FALSE
TRUE	noun (inanimate)	ɸi.ma	fima	woven grass, flax-like cloth	woven, weave, grass, cloth, flax		FALSE
TRUE	verb (transitive)	ɸi.we	fiwe	measure, compare against something, take readings of	measure, compare, reading, readings		FALSE
TRUE	noun (inanimate)	ɸja.ma	fjama	leave, abandon, discard, consider lost, write off	leave, abandon, discard		FALSE
TRUE	noun (inanimate)	ɸjeʎ	fjell	indicator, (gauge) hand, cursor, pointer, sight	indicator, hand, cursor, pointer, sight		FALSE
TRUE	pronoun	ɸjøː	fjoo	you (one person), listener, 2S, second-person singular pronoun	you		FALSE
TRUE	noun (inanimate)	ɸjø.tej	fjotei	pressed plant fibre, roughly analogous to paper and cardboard	fibre, fiber, paper, card, cardboard		FALSE
TRUE	pronoun	ɸjø.ɕøː	fjoxoo	you two, the two of you, 2D, second-person dual pronoun	you		FALSE
TRUE	verb (transitive)	ɸmãː	fmáa	beg for, plead for, implore, request urgently	beg, beg for, pleas, plead for, implore, request, request urgently		FALSE
TRUE	verb (transitive)	ɸmiː	fmii	pat, stroke, ruffle (someone or something fluffy)	pat, stroke, ruffle		FALSE
TRUE	adverb	ɸnãj	fnái	suddenly, forcefully, unexpectedly	suddenly, forcefully, unexpectedly		FALSE
TRUE	verb (transitive)	ɸne	fne	smell, (passively) perceive the smell of	smell		FALSE
TRUE	verb (transitive)	ɸneɸ	fnef	fake, forge, lie about, present something else in place of, (technology) spoof, mock	fake, forge, lie, spoof, mock		FALSE
TRUE	conjunction (clause)	ɸne.je	fneje	as long as, if only, X conj Y = Y is sufficient condition for X	as long as, if only		FALSE
TRUE	verb (transitive)	ɸni	fni	arrange, lay out, place (in deliberate spatial relation to other things)	arrange, lay out, layout, place		FALSE
TRUE	noun (inanimate)	ɸniɕ	fnix	any of many plants bearing mildly tart juicy fruit, analogous to apples, crabapples and pears; (name) Malea	apple, pear, fruit, Malea	names, plants	FALSE
TRUE	particle	ɸnø	fno	in reality, in actuality, in fact (used for returning from a hypothetical)	in reality, in actuality, in fact, actually		FALSE
TRUE	verb (intransitive)	ɸnəːs	fnyys	think something, believe, internally contain a world-model	think, believe		FALSE
TRUE	noun (inanimate)	ɸø̃ɬ	fóhl	nest, bedding, cushioned or insulated place; nursery, sickbed	nest, bed, bedding, cushion, insulation, nursery, sickbed		FALSE
TRUE	noun (inanimate)	ɸøɬ.lẽ	fohllé	lithosphere, geology (of a place), tectonics; volcanism	lithosphere, geology, tectonics, volcanism		FALSE
TRUE	noun (inanimate)	ɸø̃.jø	fójo	pile, heap, stack	pile, heap, stack		FALSE
TRUE	noun (animate)	ɸø.ɲa	fonna	creature, beast, explicitly mindless mobile lifeform	creature, beast, animal		FALSE
TRUE	noun (inanimate)	ɸø.nə	fony	signal, broadcast, time-varying remotely detectable phenomenon	signal, broadcast		FALSE
TRUE	adjective	ɸøː.ɾa	foora	blossoming, flourishing, thriving, lively	blossoming, flourishing, thriving, lively		FALSE
TRUE	verb (transitive)	ɸøːs	foos	trim or carve, especially the antlers (a common act of body care, analogous to "shave" or "groom")	trim, carve, shave, groom		FALSE
TRUE	noun (inanimate)	ɸøːɕ	foox	(scientific) law, regularity, invariant relationship	scientific law, regularity, invariant		FALSE
TRUE	verb (transitive)	ɸø.ɾi	fori	gather, collect, bring together	gather, collect, bring		FALSE
TRUE	adverb	ɸø.ɾə	fory	often, commonly	often, commonly		FALSE
TRUE	adverb	ɸø̃ɕ	fóx	at medium speed, average slowly/fast	medium speed, speed, slow, slowly, fast		FALSE
TRUE	interjection	ɸɾa	fra	(onomatopoeia) sudden, chaotic, low-pitched sound: crack, crash, boom	crack, crash, boom		FALSE
TRUE	adverb	ɸɾãː	fráa	objectively, literally, in all even remotely relevant senses	objectively, literally		FALSE
TRUE	verb (intransitive)	ɸɾa.twa	fratwa	(of sessile lifeform) shed, spread, come apart into seeds; (of creator or project) document, publish, post, make one's results available to others; (of star) go supernova	shed, spread, disintegrate, seed, seeds, document, publish, post, nova, supernova		FALSE
TRUE	noun (inanimate)	ɸɾej	frei	wisps, thin floaty ends of uncommonly long hairs, very outermost part of a coat of wool; (geometry) bounding box, bounding volume, convex shell; space framed by the extremities of, places between (parts of an object, members of a group)	wisp, end, bounding box, bounds, volume, shell, between		FALSE
TRUE	verb (intransitive)	ɸɾiw	friu	miss, not connect, be an open circuit, fail, malfunction	miss, not connect, open, open circuit, fail, malfunction		FALSE
TRUE	noun (inanimate)	ɸɾyː.ne	fruune	backup, replacement, substitute, stand-in	backup, replacement, substitute, stand-in		FALSE
TRUE	interjection	ɸy	fu	expression of disgust or refusal: ugh, eugh, ew; pff	ugh, eugh, ew, pff, pfft		FALSE
TRUE	noun (inanimate)	ɸyː.ni	fuuni	wheel, gear, cog, spinner, any disk-shape on an axle; tracks (of a vehicle)	wheel, gear, cog, disk, track		FALSE
TRUE	adjective	ɸyː.ɲø̃	fuunnó	grippy, high-friction	grippy, friction		FALSE
TRUE	noun (inanimate)	ɸyː.sa	fuusa	air, gas mixture that can be breathed, the stuff of a habitable atmosphere; prototype: fresh and gently flowing	air		FALSE
TRUE	noun (animate)	ɸyɕeː	fuxee	contemporary, generation-mate, someone whose childhood overlapped with someone else's, someone of approximately the same age as the point of reference; (approximately) cousin	contemporary, generation-mate, cousin		FALSE
TRUE	particle	ɸə	fy	used like a single opening parenthesis to mark parsing order in careful speech; fy yf 'I'm speechless', 'nothing to comment', 'never mind'	untranslatable, parenthesis		FALSE
TRUE	noun (inanimate)	ɸə̃j.ʎøː	fýilloo	hut, shed, tent	hut, shed, tent		FALSE
TRUE	verb (transitive)	ɸə.ja	fyja	greet, welcome (express solidarity with, regardless of who travels to whom)	greet, welcome		FALSE
TRUE	noun (inanimate)	ɸəs	fys	body (whole, of lifeform, regardless of whether alive)	body		FALSE
TRUE	verb (transitive)	ɸə̃.si	fýsi	skip, ignore, pass by, be oblivious of	skip, ignore, pass		FALSE
TRUE	conjunction (phrase)	ɸə̃w	fýu	but, and yet, however also (implies the joined phrases oppose each other or their presence is negatively correlated)	but, however		FALSE
TRUE	noun (inanimate)	ɸə.ɕø̃ː	fyxóo	a type of fibrous plant whose leaves have harmless vestigial stinger hairs; (name) Ramie	ramie	names, plants	FALSE
TRUE	verb (intransitive)	ɸəːj	fyyi	(archaic) graze a straight line, usually side by side with the whole herd; (modern) read digital memory, load, parse; make progress	graze, read, load, parse, progress		FALSE
TRUE	noun (animate)	ɸəː.jø̃	fyyjó	being, any lifeform, organism (explicitly neutral regarding sapience)	being, lifeform, organism		FALSE
TRUE	verb (transitive)	ɸəːʎ.ʙi	fyyllvi	relieve, take over from, liberate	relieve, liberate, take over		FALSE
TRUE	noun (inanimate)	ɸəːl.na	fyylna	core (innermost part of anything); pit, (large round) seed	core, pit, seed		FALSE
TRUE	noun (inanimate)	ɸəː.tø	fyyto	cup, glass, bowl, small open-topped fluid-tight dish	cup, glass, bowl, dish		FALSE
TRUE	noun (inanimate)	ɸəː.weɾ	fyywer	galaxy	galaxy		FALSE
TRUE	noun (inanimate)	ɸəː.weɾ.mãwɾ	Fyywermáur	(place name) Gloaming Galaxy (compound of fyywer 'galaxy' + máur 'fade, taper')	gloaming galaxy	placenames	FALSE
TRUE	noun (inanimate)	haː	haa	the phoneme /h/ and the matching letter	/h/, h	letters	FALSE
TRUE	adjective	haːɸ	haaf	bad, negative, unpleasant	bad, negative, unpleasant		FALSE
TRUE	verb (transitive)	haːɸ.teː	haaftee	discuss, chat, talk, converse, have an informal real-time exchange about (absolutive is topic)	discuss, chat, talk, converse, conversation		FALSE
TRUE	verb (transitive)	haː.maɾ	haamar	explain (create an explanation of), account for, make expressible as consequence of simpler parts	explain, account		FALSE
TRUE	noun (inanimate)	haː.mẽ	haamé	flower-bud	bud		FALSE
TRUE	verb (transitive)	haː.ɲy	haannu	calm, soothe, comfort	calm, soothe, comfort		FALSE
TRUE	verb (transitive)	haː.tɬəɕ	haatlyx	charge into, rush at, headbutt	charge, rush, headbutt, attack		FALSE
TRUE	noun (inanimate)	ha.ci	haci	any of a family of flowers with spherical floral heads and intense yellow coloration; (name) Taget	taget	names, plants	FALSE
TRUE	adverb	ha.cʎa.maː	haclamaa	by oneself, independently, unaided, organically, naturally; (computing) natively	by oneself, independently, unaided, organically, naturally		FALSE
TRUE	adjective	ha.la.wa	halawa	lenient, merciful, weak (of conjecture), which makes claims about a small set of situations; receptive, open	lenient, merciful, weak, receptive, open		FALSE
TRUE	noun (animate)	hã.sy	hásu	swarm, flock, infestation, biofilm, growth	swarm, flock, infestation, biofilm, growth		FALSE
TRUE	noun (inanimate)	ha.tɬe	hatle	vacuum of space, places outside the ship, exterior, outdoors	vacuum, space, outside, exterior, outdoors		FALSE
TRUE	noun (inanimate)	ha.tɾa.jẽː	hatrajée	central fog, dense atmosphere in the hollow of a toroidal planet	fog, atmosphere, hollow		FALSE
TRUE	noun (inanimate)	ha.tɾa.jø.fø	Hatrajofo	(place name) Dark Bramble	Dark Bramble	placenames	FALSE
TRUE	interjection	haw	hau	ow, ouch, oof (cry of pain)	ow, ouch, oof		FALSE
TRUE	noun (inanimate)	hãw	háu	density, degree of being packed close together	density, dense, packed		FALSE
TRUE	verb (transitive)	haw.ɬi	hauhli	dab, tint (fur), draw (on flexible surface)	dab, tint, draw		FALSE
TRUE	noun (inanimate)	haw.ɕi	hauxi	sacrifice, cost, price, tradeoff, that which is rendered inaccessible by choosing some course of action; (archaic) debris, jettisoned rocket part	loss, sacrifice, cost, price, tradeoff		FALSE
TRUE	noun (inanimate)	ha.wa	hawa	fungus, mold, any of many cooperating microscopic lifeforms that build tendril networks	fungus, mold		FALSE
TRUE	determiner	hẽ	hé	that (over there), determiner deictic for things far from speaker and listener	that		FALSE
TRUE	verb (transitive)	he.ca	heca	{experiencer} can happen, be possible, viable, unblocked; {agent} enable, make possible, unblock {experiencer}	can, possible, viable, unblocked, enable, possible, unblock		FALSE
TRUE	verb (transitive)	heːl	heel	elaborate, expand on, add detail to description of	elaborate, expand, detail		FALSE
TRUE	noun (inanimate)	heːl.nø̃	heelnó	room, interior space	room, interior		FALSE
TRUE	noun (inanimate)	hẽɸ	héf	place, spot (in general, in any space)	place, spot		FALSE
TRUE	noun (inanimate)	he.ɸaj	hefai	species, clade, population	species, clade, population		FALSE
TRUE	noun (animate)	he.ɸa.jew	hefajeu	biome, ecosystem, set of species	biome, ecosystem, species		FALSE
TRUE	noun (inanimate)	heɬ	hehl	any of a family of large tough trees that grow from a large spherical seed; (name) Quercus	quercus	names, plants	FALSE
TRUE	noun (animate)	hej‍.‍wa	hei‍‍wa	grandchild	grandchild	family	FALSE
TRUE	adjective	hej.ɕəj	heixyi	basic, elementary, fundamental, primordial, foundational, underlying	basic, elementary, fundamental, primordial, foundational, underlying		FALSE
TRUE	verb (transitive)	he.le	hele	yield, produce, grow (especially as part of oneself in a repeatable way, like a tree grows fruit and a Nomai grows fur)	yield, produce, grow		FALSE
TRUE	noun (animate)	he.lẽɾ	helér	cohabitant, roommate, anyone who shares a sleeping space on the regular	cohabitant, roommate		FALSE
TRUE	noun (inanimate)	hẽ.ʎy	héllu	limb, extremity, appendage	limb, extremity, appendage		FALSE
TRUE	verb (transitive)	hẽ.mi	hémi	identify, start to perceive as its own thing, apply a label to, conceptualise	identify, conceptualise		FALSE
TRUE	noun (animate)	he.pə.sãː	hepysáa	microbe, any of many clades of tiny lifeforms	microbe		FALSE
TRUE	adverb	hew	heu	only, solely, nothing but (follows what it modifies)	only, solely, nothing but		FALSE
TRUE	verb (transitive)	he.ʙes	heves	insult, bully, do wrong to	insult, bully, wrong		FALSE
TRUE	noun (inanimate)	hi.ɸy	hifu	something under compression: spring, reservoir, battery (in a broad sense)	spring, reservoir, battery		FALSE
TRUE	adverb	hiː	hii	fully, completely, entirely, in all relevant ways	fully, completely, entirely		FALSE
TRUE	noun (inanimate)	hi.jəɸ	hijyf	a type of small decorative tree with a dense tuft of leaves, (name) Kousa	kousa	names, plants	FALSE
TRUE	noun (animate)	hi.lẽːs	hilées	bird, bat, any of a diverse clade of winged creatures from the Nomai homeworld	bird, bat		FALSE
TRUE	noun (inanimate)	hi.ni	hini	(road) sign, label, header, tag	sign, label, header, tag		FALSE
TRUE	adjective	hi.ni.mø	hinimo	(of environment) urgent, pressing, fast-paced; (of manner) rigorous, regimented, strict			
TRUE	pronoun	hi.ɾẽ	hiré	that (thing, being, or situation far from both speaker and listener, or mentioned by a third party)	that		FALSE
TRUE	noun (animate)	hi.ʙy.nas	hivunas	observatory, site for taking readings of outside world	observatory		FALSE
TRUE	noun (inanimate)	hiɕ	hix	tendon, connective tissue	tendon, connective tissue		FALSE
TRUE	interjection	ɬãːj	hláai	expression of interest or curiosity: ooh, huh, hmm	oo, ooh, huh, hmm		FALSE
TRUE	adjective	ɬaːs	hlaas	good, fair, moral, right, deserved	good, fair, moral, right, deserved		FALSE
TRUE	noun (inanimate)	ɬaːscø	hlaasco	fairness, morality, ethics	fairness, morality, ethics		FALSE
TRUE	interjection	ɬaːw	hlaau	argh, augh (instinctive cry of distress, influenced by an obsolete noun meaning 'drought')	argh, augh		FALSE
TRUE	adjective	ɬa.bɾeː.mø	hlabreemo	derived, abstracted, emergent, high-level, behaving differently from its underlying mechanisms; (of person) trained, drilled, with new instincts; traumatised	derived, abstracted, trained, drilled, traumatised		FALSE
TRUE	noun (animate)	ɬas	hlas	town, city, settlement	town, city, settlement		FALSE
TRUE	noun (inanimate)	ɬas.mi.cø	Hlasmico	(place name) the Sunless City ('town' + 'shaded region')	Sunless City	placenames	FALSE
TRUE	noun (inanimate)	ɬas.ʙə̃ːɕ	Hlasvýyx	(place name) the Hanging City (compound of hlas 'town' +  výyx 'airborne root')	Hanging City	placenames	FALSE
TRUE	noun (inanimate)	ɬe	hle	the phoneme /ɬ/ and the matching letter	/ɬ/, ɬ, hl	letters	FALSE
TRUE	numeral	ɬeː	hlee	three (connective form)	three		FALSE
TRUE	noun (inanimate)	ɬeːɸy ma.da.ʙeː	hleefu madavee	the Nomai language (literally "the language from the vessels")	Nomai language		FALSE
TRUE	interjection	ɬẽː.hø̃ː	hléehóo	a type of laughter (unrestrained: "hee-haw")	laugh, laughter		FALSE
TRUE	noun (inanimate)	ɬeːw	hleeu	language (sign system with recursion and other technical features)	language		FALSE
TRUE	numeral	ɬeɸ	hlef	three	three		FALSE
TRUE	noun (inanimate)	ɬi.bøjɾ	hliboir	any of a diverse family of bushes with sweet nectar; (name) Escall	escall	names, plants	FALSE
TRUE	adjective	ɬiː	hlii	good (pleasant, nice)	good, pleasant, nice		FALSE
TRUE	verb (transitive)	ɬiːɬ	hliihl	cut, chop, slice; divide, separate, split	cut, chop, slice, divide, separate, split		FALSE
TRUE	noun (inanimate)	ɬi.ne	hline	picture, image, photo (visual record, chiefly detailed and realistic)	picture, image, photo		FALSE
TRUE	adjective	ɬø.ɸe	hlofe	fluffy, fuzzy, wooly; real, prototypical, true	fluffy, fuzzy, wooly, real, prototypical, true		FALSE
TRUE	noun (inanimate)	ɬø̃j	hlói	backside, far side, other side, place behind something (met later in direction of travel); after, later, in (a period of time); beyond	back, backside, far, behind, other, other side, after, later, in		FALSE
TRUE	noun (inanimate)	ɬø.pja	hlopja	nonfunctional remnant, wreck, derelict; carcass; fossil	remnant, wreck, derelict, carcass, fossil		FALSE
TRUE	adverb	ɬøs	hlos	vertically, upright, standing, along a plumb line	vertical, vertically, upright	spatial	FALSE
TRUE	noun (animate)	ɬø.tə	hloty	projection, volumetric display, spatial visualisation (tangible but usually colourless); (archaic) kinetic sculpture, statue that changes pose by itself (used for decoration and to teach gesture-based mnemonics)	projection, volumetric display		FALSE
TRUE	noun (animate)	ɬyː	hluu	station, outpost (originally a group of Nomai tasked with knowing the state of a particular place or resource)	station, outpost		FALSE
TRUE	verb (transitive)	ɬyː.bə̃ː	hluubýy	hide away, lock away, make private, steal	hide, lock, private, steal		FALSE
TRUE	noun (animate)	ɬyːɕ də.ɾi.ʙyː.mã	hluux dyrivuumá	the Sun Station	sun station		FALSE
TRUE	noun (animate)	ɬyːɕ dəː.li.ldi cə̃.lə̃ɾ 	hluux dyylildi cýlýr 	the White Hole Station	white hole station		FALSE
TRUE	verb (intransitive)	ɬə	hly	be (somewhere stably or persistently), occupy, exist, manifest (prototype: object held firmly in a hand)	be, occupy, exist, manifest		FALSE
TRUE	adjective	ɬə.naː	hlynaa	hot cyan	cyan	colour	FALSE
TRUE	verb (intransitive)	ɬə̃ːs.pe	hlýyspe	{experiencer} disgust, revolt, repel {observer}	disgust, revolt, repel		FALSE
TRUE	pronoun	hø̃	hó	the two, the other ones, two inanimate things contrasted with the one(s) in focus, 3D.OBV.INAN, third-person obviative inanimate dual	they, them		FALSE
TRUE	noun (inanimate)	hø.cøɾ	hocor	mealtime, occasion to eat (more numerous than human meals, since Nomai tend to snack all day)	meal, mealtime, snack		FALSE
TRUE	particle	høj	hoi	marks the start of a thought experiment or tentatively entertained counterfactual: suppose that, imagine that, what if	suppose, imagine, what if		FALSE
TRUE	adjective	hø̃.leː	hólee	solid (phase of matter)	solid		FALSE
TRUE	noun (inanimate)	hø.mbaɕ	hombax	a type of slow-growing tree whose individuals have one sex each; (name) Cycad	cycad	names, plants	FALSE
TRUE	noun (inanimate)	hø.my.si	homusi	internal organ, gland (anything vaguely like a human kidney or pancreas)	organ, gland		FALSE
TRUE	noun (animate)	hø.ɲcẽːj	honcéei	arthropod, arachnid, spider, crab, crustacean, any of a large clade of animals with shells and many segmented limbs	arthropod, arachnid, spider, crab, crustacean		FALSE
TRUE	verb (intransitive)	hø̃ː.cʎə̃ː	hóoclýy	be pregnant; (of machine) carry another similar machine inside	pregnant		FALSE
TRUE	adjective	høːs	hoos	dry, without humidity	dry		FALSE
TRUE	noun (inanimate)	hø̃ːs.cyː	hóoscuu	brute, tedious, or inefficient solution	inefficient solution		FALSE
TRUE	noun (inanimate)	høː.sə̃ː	hoosýy	molar tooth, any crushing tooth	molar, tooth		FALSE
TRUE	verb (transitive)	hø̃.pø̃ɬ	hópóhl	kick, stomp, tread on; (generally) hit, deal damage to (Nomai hands can't form a solid fist)	kick, stomp, hit		FALSE
TRUE	verb (transitive)	høs.piː	hospii	rewrite, overwrite, replace, substitute? = erase?	rewrite, overwrite, replace, substitute		FALSE
TRUE	adjective	hy.dãː.tiɾ	hudáatir	colour that contains red-infrared and cyan but not yellow or green, "infra-purple"	purple		FALSE
TRUE	adjective	hy.ɸy	hufu	(of environment) harsh, difficult, inhospitable	harsh, difficult, inhospitable		FALSE
TRUE	noun (inanimate)	hyl	hul	(ancient) slice, cross-section; circular piece of plant trunk; (modern) information, a fact, piece of data	slice, section, cross-section, cross section, trunk, information, fact, data		FALSE
TRUE	adjective	hyl.də̃	huldý	doing okay, medium-healthy, average thriving vs struggling, okay, fine, satisfactory	alright, okay, fine, satisfactory, so-so		FALSE
TRUE	verb (intransitive)	hy.my	humu	cling, hang, swing (what children do on adults' backs, and what fleas do on fur)	cling, hang		FALSE
TRUE	noun (inanimate)	hys	hus	(archaic) fire pit, safety earthworks; (modern) type of furniture with movable surfaces and clamps, workbench, laboratory table; experimental setup, controlled environment	workbench, setup		FALSE
TRUE	noun (inanimate)	hy.tã	hutá	door, flap, hatch, shutter (anything suited for blocking a passage by stretching across it)	door, flap, hatch, shutter		FALSE
TRUE	noun (inanimate)	hyːl.ciː	huulcii	pelvis, hips, pelvic girdle, topmost joints of the legs and everything between; butt	pelvis, hips, butt		FALSE
TRUE	noun (animate)	hy.waj	huwai	memory, legacy, manifestation, non-physical way for person or principle to have influence through collective action of others	memory, legacy		FALSE
TRUE	noun (inanimate)	hy.ɕa	huxa	sand	sand		FALSE
TRUE	conjunction (phrase)	hə	hy	and, in addition, plus (neutral or uncorrelated)	and, in addition, plus		FALSE
TRUE	noun (animate)	həɬ	hyhl	circular arrangement of a herd, strongest individuals circling on the outside; vortex; clockface gauge; (solar or planetary) system	spin, vortex, clockface, gauge, solar system, planetary system, system		FALSE
TRUE	noun (inanimate)	hə.hø	hyho	piece of clothing or wearable equipment	clothing, equipment		FALSE
TRUE	adjective	hə̃ʎ.bi	hýllbi	sour (one of five basic tastes)	sour		FALSE
TRUE	noun (animate)	hə.ɾi	hyri	sibling	sibling		FALSE
TRUE	noun (inanimate)	həs.je	hysje	womb, uterus	womb, uterus		FALSE
TRUE	noun (inanimate)	hə̃s.ly	hýslu	soup, stew	soup, stew		FALSE
TRUE	adjective	hə.tɾi.leɬ	hytrilehl	rigid, formulaic, regimented, standardised, formal	rigid, formulaic, regimented, standardised, formal		FALSE
TRUE	noun (animate)	hə̃‍.‍wãj	hý‍‍wái	great-grandfather (father of any grandparent)	great-grandfather, great grandfather, grandfather	family	FALSE
TRUE	noun (inanimate)	hə.wẽ	hywé	honestly, frankly, notably directly, in explicit terms	honestly, directly, frankly, explicitly		FALSE
TRUE	interjection	hə̃ː	hýy	um, uh (filler; used when hesitating, processing, taking in new information)	um, uh		FALSE
TRUE	noun (inanimate)	həː.dã	hyydá	graft (piece of plant cut and fused to new host); module, core, plug-in (swappable device)	graft, module, core, plug-in, plugin		FALSE
TRUE	noun (inanimate)	həː.dã saɾ.ti.lə̃ɾ	hyydá sartilýr	warp core (literally 'root-propagation-causing graft')	warp core		FALSE
TRUE	interjection	hə̃ːɸ	hýyf	(onomatopoeia) sustained, chaotic, low-pitched sound: whoosh	whoosh		FALSE
TRUE	noun (inanimate)	həːj.pi	hyyipi	a type of drought-resistant tree with durable dark wood; (name) Neem	neem	names, plants	FALSE
TRUE	noun (animate)	həː‍.neɬ‍	hyy‍nehl‍	granddaughter (daughter's daughter)	granddaughter	family	FALSE
TRUE	adverb	i.biː	ibii	taking a short time, briefly, for a moment	time, briefly, brief, moment		FALSE
TRUE	verb (transitive)	i.ci	ici	pain, hurt, make suffer	pain, hurt, suffer		FALSE
TRUE	noun (inanimate)	i.cyːɬ	icuuhl	plank, bar, beam, any cuboidal component	plank, bar, beam		FALSE
TRUE	adjective	iɬ.wa	ihlwa	(vulgar) based on faulty theory, dead-end, fundamentally unoptimisable; useless, destroyed, fucked	faulty, dead-end, dead end, destroyed		FALSE
TRUE	noun (inanimate)	iː.pã	iipá	outfit, suit, clothes	outfit, suit, clothes		FALSE
TRUE	verb (transitive)	iː.ɾeː	iiree	(archaic) insert, weave, route (something into a tight place, especially thread within cloth); interconnect, link up (irrigation canals, later all mechanisms); (modern) solve (puzzle), derive (equation); advance, achieve, succeed, win, prevail	insert, route, weave, plumb, interconnect, link, solve, derive, advance, achieve, succeed, win, prevail		FALSE
TRUE	noun (inanimate)	iːs	iis	the phoneme /iː/ and the matching letter	/iː/, iː, ii	letters	FALSE
TRUE	adjective	i.jaw.dɾaː	ijaudraa	dramatic, grandiose, high-stakes	dramatic, grandiose, high-stakes		FALSE
TRUE	noun (inanimate)	il	il	the phoneme /i/ and the matching letter	/i/, i	letters	FALSE
TRUE	verb (intransitive)	i.mbã	imbá	(of device) work, function, operate, serve its purpose; (archaic) digest	work, function, operate, serve, digest		FALSE
TRUE	noun (inanimate)	i.ɲcyː	incuu	history, trajectory, time-series data that explains some outcome, how things went	history, trajectory, time-series, time series		FALSE
TRUE	noun (inanimate)	i.ndẽː.bi	indéebi	scale, zoom factor, (order of) magnitude, factor of six; (alien studies, when qualified) factor of eight, factor of ten	scale, zoom, order, magnitude		FALSE
TRUE	verb (transitive)	i.ɲyj	innui	{agent} give birth to {experiencer}, {experiencer} be born from {agent}	birth, born, bear		FALSE
TRUE	adverb	i.ɾaj	irai	wildly, erratically, frantically, at random, with extra movement or no pattern	wildly, wild, erratically, erratic, random		FALSE
TRUE	particle	is	is	unquote, ends a quoted sequence started with 'si' (only used in careful speech)	quote, untranslatable		FALSE
TRUE	noun (inanimate)	i.syːɬ	isuuhl	area, region, set of places all sharing the same outer landmarks; (archaic) pasture, plain, valley-slope (one valley is two of these)	area, region, pasture, plain, valley, slope		FALSE
TRUE	noun (inanimate)	i.syːɬ.ɲø̃ːs	Isuuhlnnóos	(place name) Timber Hearth (compound of isuuhl 'pasture, plain' + nóos 'spring, geyser')	timber hearth	placenames	FALSE
TRUE	adverb	i.tẽ	ité	maximally, to the greatest extent possible	maximally, most		FALSE
TRUE	verb (transitive)	i.tɬaː	itlaa	mount, install, hang, fix	mount, install, hang, fix		FALSE
TRUE	noun (animate)	i.tɬy	itlu	sickness, disease, infection	sickness, illness, disease, infection, infected		FALSE
TRUE	verb (intransitive)	i.ʙy	ivu	laugh (undergo a bodily reaction to harmless surprise or release of tension)	laugh		FALSE
TRUE	pronoun	ja	ja	refers to the observer of the (innermost) clause it's in	untranslatable		FALSE
TRUE	noun (inanimate)	jaː	jaa	the phoneme /j/ and the matching letter	/j/, j	letters	FALSE
TRUE	noun (animate)	jãː‍.‍jə̃	jáa‍‍jý	great-grandparent	great-grandparent, great grandparent, grandparent	family	FALSE
TRUE	verb (intransitive)	jã.hø̃	jáhó	operate above sustainable capacity, have a bout of daring or chaos, wing it; (archaic) be in the mountains, travel by mountain pass	mountains, above, daring, chaos, wing it		FALSE
TRUE	noun (inanimate)	ja.pɾyː	japruu	trend, fad, fashion, zeitgeist; (archaic) patch of vegetation suitable for unidirectional grazing by a spread-out herd	trend, fad, fashion, zeitgeist		FALSE
TRUE	noun (inanimate)	jaw.mə	jaumy	time (within a cycle), season, era (used in expressions like "before my time")	time, season, era, age		FALSE
TRUE	verb (intransitive)	ja.wãː	jawáa	breathe, take breaths (one such action is conceptualised as in -> out -> rest)	breathe, breath		FALSE
TRUE	noun (inanimate)	jẽːʎ	jéell	seed, spore	seed, spore		FALSE
TRUE	noun (inanimate)	je.ɸeʎ	jefell	region of substance with strong movement and a boundary layer: storm, churn, whirl, cyclone	storm, churn, whirl, cyclone		FALSE
TRUE	numeral	je.hã	jehá	one-thirthysixth (6^-2)	6^-2		FALSE
TRUE	verb (transitive)	je.hãː	jeháa	annoy, irritate, bother	annoy, irritate, bother		FALSE
TRUE	noun (inanimate)	jel	jel	tree (chiefly taller than person height and broad-leaved)	tree		FALSE
TRUE	verb (transitive)	jø	jo	{agent} move {experiencer} along surface or against friction: push, tow, drag	move, push, tow, drag		FALSE
TRUE	noun (inanimate)	jø.ja	joja	voice, vocalisation, call	voice, vocalisation, call		FALSE
TRUE	noun (inanimate)	jø.lø	jolo	base, foundation, holder, pedestal	base, foundation, holder, pedestal		FALSE
TRUE	verb (transitive)	jø.mãːj	jomáai	activate, spin up, boot up, make ready to operate	activate, boot		FALSE
TRUE	adjective	jø̃.nyːs	jónuus	mid-tone, medium amount of bright/dark	mid-tone, medium bright, medium dark		FALSE
TRUE	conjunction (clause)	jø̃ː	jóo	so finally, in such a way that ultimately	finally, ultimately, resulting		FALSE
TRUE	noun (inanimate)	jøː.bø	joobo	pillow, cushion, pad	pillow, custion, pad		FALSE
TRUE	noun (inanimate)	jø̃ːl	jóol	right side, right flank	right		FALSE
TRUE	noun (inanimate)	jø.pi	jopi	view, vista, scenery	view, vista, scenery		FALSE
TRUE	verb (transitive)	jø.pyl	jopul	depress, make listless, make apathetic	depress, paralyse, listless, apathetic, depressed		FALSE
TRUE	noun (inanimate)	jø.ɾẽ	joré	dirt, soil, mulch	dirt, soil, mulch		FALSE
TRUE	noun (inanimate)	jø.ɾə.cø	joryco	hydrogen (element)	hydrogen		FALSE
TRUE	noun (inanimate)	jø̃.ʙə̃ː	jóvýy	ear-hole, internal ear, ear canal	ear, ear hole, ear canal		FALSE
TRUE	noun (inanimate)	jy.ɸis	jufis	triangle (arbitrary shape, not necessarily equilateral or right-angled)	triangle		FALSE
TRUE	adjective	jys.ci	jusci	dirty, stained, contaminated; impure, dilute (chemical)	dirty, stained		FALSE
TRUE	interjection	jyː	juu	used to marvel at something or vocalise a dawning realisation: juu tréeu how curious (this inanimate thing is)! juu erxiilix what an elegant solution!	how, what, such, marvel, wonder, mirative		FALSE
TRUE	adjective	jyːj	juui	particle-shaped, sizeless, treatable as a point with a location	particle, point		FALSE
TRUE	noun (inanimate)	jyː.saː	juusaa	grater, scraper, mortar, tool for softening plant matter	grater, mortar, tool		FALSE
TRUE	conjunction (clause)	jə̃	jý	X but Y, X while in contrast Y, X and importantly contrariwise Y (simultaneously or without defined order)	but, and		FALSE
TRUE	noun (inanimate)	jə̃.ci	jýci	year, an orbit of the Nomai homeworld around its sun	year, orbit		FALSE
TRUE	noun (inanimate)	jə̃ɬ.ɕẽɸ	jýhlxéf	viewport, windscreen, front window (of shuttle or vessel)	window, windscreen, viewport, port		FALSE
TRUE	verb (transitive)	jə̃j.pa	jýipa	dig, excavate, mine (absolutive argument is material in which holes are made)	dig, excavate, mine		FALSE
TRUE	noun (inanimate)	jə̃j.pa.cãwɾ	jýipacáur	mine, mining site	mine, mining site		FALSE
TRUE	noun (inanimate)	jə.ɾø̃	jyró	surface (visible layer of solid object as opposed to liquid or gas), terrain (as scanned from afar)	surface, terrain		FALSE
TRUE	interjection	jə.sa	jysa	yay! woo! hooray! (versatile exclamation of joy, eroded from the same origin that yielded lle 'discover')	yay, woo, hooray		FALSE
TRUE	verb (transitive)	jə̃ː	jýy	groom, brush, style, comb (mane or similar)	groom, brush, style, comb		FALSE
TRUE	noun (inanimate)	jəːɕ	jyyx	leaf	leaf		FALSE
TRUE	adverb	la	la	maybe, perhaps, possibly, used to weaken a truth claim	maybe, perhaps, possibly		FALSE
TRUE	noun (animate)	lã	lá	child, young individual	child		FALSE
TRUE	verb (transitive)	laː.l	laal	study, examine, inspect	study, examine, inspect		FALSE
TRUE	noun (inanimate)	laːleɾ	laaler	glass, transparent construction material (usually custom-grown silicate crystals)	glass		FALSE
TRUE	noun (inanimate)	laː.ʎe.ɕə	laallexy	solvent, cleaning agent, soap, shampoo, detergent (usually dry and powdery)	solvent, soap, shampoo, detergent		FALSE
TRUE	verb (transitive)	laːs.wej	laaswei	summarise, conclude, make simplification about	summarise, conclude		FALSE
TRUE	verb (intransitive)	la‍ɬ‍	la‍hl‍	need to digest, feel the urge to chew the cud, feel full	digest, cud, full	body, sensations	FALSE
TRUE	noun (animate)	la.laj	lalai	grandmother (mother's mother)	grandmother		FALSE
TRUE	verb (transitive)	lã.nə̃ː	lánýy	design, draft, plan, create (intellectually)	design, draft, plan, create		FALSE
TRUE	noun (inanimate)	la.si	lasi	window-hatch	window, hatch, window-hatch		FALSE
TRUE	adjective	law.my	laumu	long, elongated, stretched-shape, high-aspect-ratio	long, elongated		FALSE
TRUE	noun (inanimate)	lãɕ	láx	substance, matter, stuff, resource	substance, matter, stuff, resource		FALSE
TRUE	noun (inanimate)	le	le	the phoneme /l/ and the matching letter	/l/, l	letters	FALSE
TRUE	verb (transitive)	le.cy	lecu	simplify, strip down, condense	simplify, condense		FALSE
TRUE	adverb	leːɸ	leef	somewhat, quite, to some extent, moderately	somewhat, quite, to some extent, moderately		FALSE
TRUE	noun (inanimate)	leːl.ɕə	leelxy	spectrum, any model where one axis represents the rate of a periodic process and another represents some kind of intensity; chromatic aberration, rainbow	spectrum, rainbow		FALSE
TRUE	noun (animate)	lẽːs	lées	chief, clan head, vessel captain	chief, chieftain, head, captain, leader		FALSE
TRUE	adjective	lẽɸ.ɕe	léfxe	incompletely optimised, half-done, tentative, sloppy	incomplete, half, half-done, tentative, sloppy		FALSE
TRUE	adjective	lẽɬ.ɾyː	léhlruu	withering, struggling, ailing, in bad health	withering, struggling, ailing, health		FALSE
TRUE	noun (inanimate)	le.həɬ	lehyhl	kit, set, selection (of tools or the like)	kit, set, selection		FALSE
TRUE	noun (inanimate)	lẽ.jø	léjo	succulent (plant), type of thick-leafed groundcover from arid regions; (Outer Wilds system) cactus	succulent, cactus		FALSE
TRUE	verb (transitive)	le.lø̃j	lelói	unfold, expand, stretch out (of door/hatch: close)	unfold, unfurl, expand, stretch, stretch out, close		FALSE
TRUE	adjective	le.lø̃.jəɾ	lelójyr	(problem, situation, thought) tough, puzzling, headache-inducing, which makes a Nomai spread their ears to think hard	tough, puzzling, headache		FALSE
TRUE	adverb	le.meːɾ	lemeer	instantly, immediately, without a task-switch in between	instantly, immediately		FALSE
TRUE	verb (intransitive)	lẽ.ɾas	léras	be intact, be whole, be unharmed	intact, whole, unharmed		FALSE
TRUE	noun (inanimate)	lẽw	léu	top of the soil, consisting of compressed dead plants, (name) Thatch	thatch	names, plants	FALSE
TRUE	noun (inanimate)	le.waj	lewai	water, H2O regardless of phase, hot or cold, standing or flowing; prototype: liquid and cold	water		FALSE
TRUE	verb (transitive)	leɕ	lex	hold, wield, use as tool	hold, wield, use		FALSE
TRUE	noun (inanimate)	li.cas	licas	hindgut, second of two stomach chambers	hindgut, stomach		FALSE
TRUE	adjective	liɸ	lif	soft, flexible, bendy, rubbery, squishy	soft, flexible, bendy, rubbery, squishy		FALSE
TRUE	noun (inanimate)	li.ʙãːw	liváau	gut, intestine	gut, intestine		FALSE
TRUE	noun (inanimate)	ʎã	llá	staff, cane, also a form of common Nomai multitool	staff, cane		FALSE
TRUE	noun (inanimate)	ʎaː	llaa	the phoneme /ʎ/ and the matching letter	/ʎ/, ʎ, ll	letters	FALSE
TRUE	noun (inanimate)	ʎãː.dɾəː	lláadryy	ice, snow, solid form of something that usually isn't	ice, snow		FALSE
TRUE	noun (animate)	ʎaːj	llaai	envoy, representative, messenger	envoy, representative, messenger		FALSE
TRUE	verb (transitive)	ʎã.be	llábe	feed; refill, resupply	feed, refill, resupply		FALSE
TRUE	verb (transitive)	ʎãɸ	lláf	scan, probe, inspect using active and/or invasive methods	scan, probe, inspect		FALSE
TRUE	noun (inanimate)	ʎal.ɕẽj	llalxéi	fat, grease, blubber (on a body, anatomy term)	fat, grease, blubber		FALSE
TRUE	noun (inanimate)	ʎa.myʎ.hø̃ː	llamullhóo	tray, movable shelf	tray, shelf		FALSE
TRUE	verb (intransitive)	ʎaɾ	llar	have sex, mate	sex, have sex, mate, breed		FALSE
TRUE	noun (animate)	ʎa.wa	llawa	probe, drone, mobile sensor; (archaic) scout, spotter, forerunner	probe, drone, sensor, scout, spotter, forerunner		FALSE
TRUE	noun (inanimate)	ʎaɕ.ceː	llaxcee	foregut, first of two stomach chambers	foregut, stomach		FALSE
TRUE	verb (transitive)	ʎe	lle	find, discover, encounter; meet (someone) for the first time	find, discover, encounter, meet		FALSE
TRUE	verb (transitive)	ʎẽ.ca	lléca	measured by metric of {observer}, {experiencer} is optimal under constraint of {agent}	optimal, optimise, optimize, peak, metric		FALSE
TRUE	noun (inanimate)	ʎe.cø̃s	llecós	any of a family of intensely coloured reddish or magenta flowers; (name) Phlox	phlox	names, plants	FALSE
TRUE	noun (animate)	ʎe.cy	llecu	adult, Nomai at reproductive age and mental prime	adult		FALSE
TRUE	verb (transitive)	ʎeːʎ.hy	lleellhu	make amends to, make right with	amend, amends, compensate, make amends, make right, repair, recompense		FALSE
TRUE	verb (transitive)	ʎeː.teɸ	lleetef	impair, intoxicate, make dizzy, make high	impair, intoxicate, dizzy, make dizzy, high, make high		FALSE
TRUE	noun (inanimate)	ʎẽ.my	llému	lever, toggle switch, binary input mechanism 	lever, switch		FALSE
TRUE	noun (animate)	ʎeɾil	lleril	background support, logistics-person, inventory-keeper, someone who runs things so others can do science	background support, logistics-person, inventory-keeper		FALSE
TRUE	determiner	ʎi	lli	all, every, complete set of	all, every		FALSE
TRUE	adverb	ʎiɸ.ɲy	llifnnu	roughly, approximately, circa, practically speaking, as close as makes no difference	roughly, approximately, practically, circa		FALSE
TRUE	verb (intransitive)	ʎi.mbeː	llimbee	consent, go along, not mind, not be troubled	consent, go along, not mind, mind		FALSE
TRUE	noun (inanimate)	ʎi.sø̃	llisó	word	word		FALSE
TRUE	verb (transitive)	ʎiw	lliu	combine, fuse, put together; mix, blend	combine, fuse, together, mix, blend		FALSE
TRUE	noun (inanimate)	ʎiw.cãwɾ	lliucáur	kitchen, lunchroom, cafeteria, restaurant, room or module for preparing and distributing food	kitchen, lunchroom, cafeteria, restaurant		FALSE
TRUE	adverb	ʎø̃	lló	already, now, (in negatives) no longer, indicates that there has been a change	already, now, no longer, no more, anymore		FALSE
TRUE	noun (inanimate)	ʎø̃.hiː	llóhii	a type of tall shrub grown in warm-hot climates, producing a bright and intensely flavoured berry/fruit; (name) Rhus	rhus	names, plants	FALSE
TRUE	adjective	ʎø̃.ma	llóma	cloying, overpowering, sickly, too strongly flavoured (chiefly umami, which Nomai put in treats); lovey-dovey	cloying, overpowering, sickly, strongly flavoured, umami, lovey-dovey		FALSE
TRUE	noun (inanimate)	ʎø.myɬ	llomuhl	bark, shell, armor	bark, shell, armor		FALSE
TRUE	verb (transitive)	ʎø̃.nø̃	llónó	press, flatten, compact; (information) sign, lock, make subject to authorisation	press, flatten, compact, sign, lock		FALSE
TRUE	verb (intransitive)	ʎø̃ː‍.‍hø̃	llóo‍‍hó	volunteer, step forward, suggest oneself, run (for a position)	volunteer, run		FALSE
TRUE	adverb	ʎøːɾ‍	lloor‍	inadvertently, without planning, by accident	inadvertently, without planning, unplanned, by accident, accident		FALSE
TRUE	noun (inanimate)	ʎyɾ	llur	scroll, text storage medium	scroll		FALSE
TRUE	verb (transitive)	ʎy.ɾaː	lluraa	surround, envelop, insulate; be worn as clothing by	surround, envelop, insulate, clothing		FALSE
TRUE	noun (animate)	ʎyːs	lluus	Nomai equivalent to fish: tadpole-like water-breathing animal that lived in ponds on their homeworld	fish, tadpole		FALSE
TRUE	adjective	ʎy.ʙø	lluvo	medium-aspect-ratio, average long/short	medium, average		FALSE
TRUE	verb (transitive)	ʎyɕ.ɾej	lluxrei	{agent} forgive {experiencer}, {agent} work with {experiencer} again	forgive		FALSE
TRUE	adjective	ʎə̃	llý	near, nearby, close, available	near, nearby, close, available		FALSE
TRUE	verb (transitive)	ʎə.bãː	llybáa	sympathise with, mirror, sync with, naturally mimic	sympathise with, mirror, sync with, mimic		FALSE
TRUE	noun (inanimate)	ʎə.bə.bej	llybybei	silicon (element)	silicon		FALSE
TRUE	verb (intransitive)	ʎə̃ɸ.wẽ	llýfwé	fall (off something or from a height); sink, submerge	fall, sink, submerge		FALSE
TRUE	noun (inanimate)	ʎə̃ɬ.ɸẽː.tẽ	llýhlféeté	sub-tree of a given written Nomai spiral: chapter, section, paragraph	spiral, chapter, section, paragraph		FALSE
TRUE	verb (transitive)	ʎəɬ.nø	llyhlno	poke, pinch	poke, pinch		FALSE
TRUE	verb (transitive)	ʎəj.taː	llyitaa	{experiencer} be reflected by {agent}, bounce off from; (computer or other stateful system) crash, fail, abort	reflect, bounce, ricochet, crash, fail, abort		FALSE
TRUE	adverb	ʎə.ja	llyja	extremely, massively, incredibly (strong scalar intensifier)	extremely, massively, incredibly		FALSE
TRUE	verb (transitive)	ʎə.mə̃ɸ	llymýf	confirm, prove, vindicate	confirm, prove, vindicate		FALSE
TRUE	noun (inanimate)	ʎə.ɲciː	llyncii	corner, angle, edge between faces (internal or external)	corner, angle, edge		FALSE
TRUE	verb (transitive)	ʎə.ɲcyːɾ	llyncuur	disappoint, let down, betray	disappoint, let down, betray		FALSE
TRUE	noun (inanimate)	ʎəɾ	llyr	a type of hot-climate tree with fan-shaped leaves; (name) Mitis	mitis	names, plants	FALSE
TRUE	adjective	ʎə̃.tə̃	llýtý	medium-sized, (spatially) somewhat big	medium-sized		FALSE
TRUE	noun (animate)	ʎə.ʙy	llyvu	babysitter, nursery worker	babysitter, nursery worker		FALSE
TRUE	verb (transitive)	ʎə̃ː	llýy	help, assist, support, do part of work of	help, assist, support		FALSE
TRUE	noun (animate)	ʎə̃ː.sə	llýysy	pilot, helmsman	pilot, helmsman		FALSE
TRUE	conjunction (phrase)	lø	lo	than, as, compared to	than, as, compare, compared, comparison		FALSE
TRUE	noun (inanimate)	lø.bẽ.tə	lobéty	drought-resistant vegetation, plant from arid regions; (name) Secca	secca	names, plants	FALSE
TRUE	verb (transitive)	lø̃.bə	lóby	make jolly, merry, carefree, playful	jolly, merry, carefree, playful		FALSE
TRUE	verb (transitive)	lø̃ː	lóo	plug, block, obstruct, shut (passage or sightline), cover, obscure	plug, block, obstruct, shut, cover, obscure		FALSE
TRUE	verb (transitive)	løː.ɕ	loox	extend, unspool, straighten; play back, review, revisit	extend, unspool, straighten, play, play back, view, review, revisit		FALSE
TRUE	noun (inanimate)	lø̃.seɸ	lósef	east, region to east of	east		FALSE
TRUE	verb (intransitive)	løs.ɸe	losfe	sit (squatting or crosslegged, on flat surface)	sit, squat, crosslegged		FALSE
TRUE	adverb	lø̃.sə̃ː	lósýy	averagely, to the most typical extent possible	averagely, typically		FALSE
TRUE	adverb	lø.ɕe	loxe	recursively, self-amplifyingly, with a feedback loop involved; reflexively, to oneself (intensifies the anaphorics e.g. ja, dóo)	recursively, self-amplifyingly,  feedback loop, reflexively, to oneself		FALSE
TRUE	noun (animate)	ly.cew	luceu	(archaic) small agile carnivore with catlike traits, (modern) similar animals on other planets	carnivore, animal, cat, feline		FALSE
TRUE	verb (transitive)	ly.ɸy	lufu	be physically capable, not be prevented by body or environment, have the intuition to (do something) but not the conscious theory, have the muscle memory to (do something), "just get it"	can, able, ability		FALSE
TRUE	verb (transitive)	ly‍.‍ɾə̃	lu‍‍rý	boil, parboil, blanch, process with solvent or hot water (usually to remove poison from plant)	boil, parboil, blanch, cook	food	FALSE
TRUE	verb (intransitive)	lys	lus	(archaic) scout, spot; (modern) explore, be off board, be part of a shore party, take an expedition	explore, exploration, expedition		FALSE
TRUE	particle	lyː	luu	(unliving thing) such that (marks the start of a relative clause where the head is inanimate)	such that, such, that, which		FALSE
TRUE	verb (transitive)	lə̃j.ɸø̃	lýifó	wound, injure, harm, damage	wound, injure, harm, damage		FALSE
TRUE	adjective	lə̃.jøː	lýjoo	lush, busy, vibrant; detailed, high-frequency	lush, busy, vibrant, detailed, high-frequency		FALSE
TRUE	noun (inanimate)	lə̃.ʎøː	lýlloo	hoof-clove, digit, finger, toe	hoof-clove, digit, finger, toe		FALSE
TRUE	noun (inanimate)	lə.nə̃	lyný	monolith, stone monument	monolith, stone monument		FALSE
TRUE	verb (transitive)	lə.pø	lypo	introduce, add, bring in, put into effect (prototype: chemical into dish)	introduce, add, bring in		FALSE
TRUE	verb (intransitive)	lə.pəː	lypyy	bend, twist, flex, rotate differentially	bend, twist, flex		FALSE
TRUE	adjective	lə.wi	lywi	smooth, slick, locally flat, streamlined, aerodynamic	smooth, slick, streamlined, aerodynamic		FALSE
TRUE	noun (inanimate)	lə̃ɕ	lýx	deep root, central root, taproot (of plant); (name) Root	root	names, plants	FALSE
TRUE	adjective	lə̃ː.ɲeɬ	lýynnehl	medium-thickness, average flat/extruded	thick, thin, flat		FALSE
TRUE	adverb	ləː‍.‍s	lyy‍‍s	exactly, with high accuracy, in every detail	exactly, accurately, detail		FALSE
TRUE	numeral	ləːɕ.we	lyyxwe	one-sixth (6^-1)	one-sixth, sixth, 6^-1		FALSE
TRUE	noun (animate)	mãːɸ.ɾə̃ʎ	máafrýll	medic, physician, healer	medic, physician, healer		FALSE
TRUE	noun (inanimate)	maː.ɸə̃	maafý	ore, crude resource	ore, resource		FALSE
TRUE	noun (animate)	ma.da	mada	vessel (specifically the type where a Nomai clan lives)	vessel		FALSE
TRUE	verb (intransitive)	mãɸ.nø̃l	máfnól	(of information or its source) be false, be wrong	false, wrong		FALSE
TRUE	pronoun	maɬ	mahl	refers to the agent of the (innermost) clause it's in, or previous clause if none	untranslatable		FALSE
TRUE	noun (inanimate)	maj	mai	know, have measured or seen a record of (agent knows, prototype: scientist knows particle's momentum)	know, aware		FALSE
TRUE	noun (inanimate)	ma.li	mali	care, caution, precision, fully present thought	care, caution, precision		FALSE
TRUE	verb (transitive)	ma.nə̃ɸ	manýf	tear, rip, twist apart	tear, rip, twist 		FALSE
TRUE	verb (intransitive)	mãwɾ	máur	fade out, dim out, taper into a less intense vision or effect (what a receding traveller does in the mist)	fade, dim, taper		FALSE
TRUE	noun (inanimate)	mbãːɸ	mbáaf	slime, goo, mucus	slime, goo, mucus		FALSE
TRUE	verb (transitive)	mbajɾ	mbair	configure, calibrate, trim, create settings for	configure, calibrate, trim, setting, settings		FALSE
TRUE	noun (inanimate)	mbaw	mbau	unit of time equal to 0.61 human minutes or 36.7 human seconds	minute, second		FALSE
TRUE	noun (inanimate)	mba.ʙy	mbavu	breast, nape; tap, faucet, liquid dispenser	breast, nape, tap, faucet, dispenser		FALSE
TRUE	noun (inanimate)	mbeː	mbee	rock, stone (mass noun for the material)	rock, stone		FALSE
TRUE	noun (inanimate)	mbẽ.lyː	mbéluu	surroundings, environment, vicinity, setting (of fiction)	surroundings, environment, vicinity, setting		FALSE
TRUE	noun (animate)	mbi.jã	mbijá	colleague, collaborator	colleague, collaborator		FALSE
TRUE	noun (animate)	mbis	mbis	great-grandchild	great-grandchild, great grandchild, grandchild		FALSE
TRUE	noun (inanimate)	mbø̃ː	mbóo	side, flank, place next to something	side, flank, next, next to, beside		FALSE
TRUE	verb (transitive)	mby	mbu	use, apply (ability), engage in (act, method, or ethos), do (procedure); imitate (person); perform (entertainment); (computer) run, execute (program)	use, apply, do, engage, perform, run, execute		FALSE
TRUE	numeral	mbəj	mbyi	four	four		FALSE
TRUE	noun (animate)	mbə̃.si	mbýsi	experimenter, technician, lab worker, someone who tests theories in controlled practical trials	experimenter, technician, lab worker		FALSE
TRUE	numeral	mbəː	mbyy	four (connective form)	four		FALSE
TRUE	pronoun	mẽː	mée	he, she, it, another one, the person or animal contrasted with the one(s) in focus, 3S.OBV.AN, third-person obviative animate singular	he, him, she, her, it		FALSE
TRUE	verb (transitive)	meː.jaɸ	meejaf	praise, congratulate	praise, congratulate		FALSE
TRUE	adjective	mẽːl	méel	dull, rounded, blunt, without cutting edge	dull, rounded, blunt		FALSE
TRUE	pronoun	mẽːw	méeu	they, the two, the other ones, two people or animals contrasted with the one(s) in focus, 3D.OBV.AN, third-person obviative animate dual	they, them		FALSE
TRUE	noun (inanimate)	meʎ	mell	flower, reproductive part of many plant species	flower, blossom		FALSE
TRUE	verb (intransitive)	me.nwe	menwe	land (from flight); come down from the mountains; normalise, return to normal	land, come down, normalise		FALSE
TRUE	noun (inanimate)	me.nwe.cãwɾ	menwecáur	landing pad	landing pad		FALSE
TRUE	adjective	mẽɾ	mér	clear, obvious, conclusive	clear, obvious, conclusive		FALSE
TRUE	noun (animate)	mẽ‍.‍tẽ‍	mé‍‍té‍	granddaughter (son's daughter)	granddaughter	family	FALSE
TRUE	noun (inanimate)	mew.di	meudi	shelf, rack, display cabinet	shelf, rack, display, cabinet		FALSE
TRUE	noun (animate)	me.ʙaw	mevau	elder, old Nomai	elder, old		FALSE
TRUE	noun (inanimate)	mi	mi	the phoneme /m/ and the matching letter	/m/, m	letters	FALSE
TRUE	verb (transitive)	mi.cã	micá	embarrass, make feel shy	shy, embarrass, embarrassed		FALSE
TRUE	noun (inanimate)	mi.cø	mico	shade, shelter, refuge, unaffected region were some phenomenon cannot reach (originally wind, now usually communication signal or artificial gravity)	shade, shelter, refuge		FALSE
TRUE	verb (intransitive)	miɬ	mihl	(archaic) graze with interruptions, moving quicker than usual; (modern) hurry, rush, pull overtime (at a single task)	graze, hurry, rush, overtime		FALSE
TRUE	noun (inanimate)	miː	mii	plain, slope, single traversible chunk of steppe	plain, slope, steppe		FALSE
TRUE	verb (transitive)	mi.na	mina	{agent} aspire to, yearn for, dream of {experiencer}	aspire, yearn, dream		FALSE
TRUE	verb (transitive)	mi.ʙel	mivel	seek, search for, look for	seek, look, search, search for, look for		FALSE
TRUE	verb (transitive)	miɕ	mix	(archaic) turn (plant) around to make it grow symmetrically; distract, ruin focus of; (of conversations) derail, send on a tangent	distract, derail, confuse		FALSE
TRUE	noun (animate)	mjaː	mjaa	spouse, husband, wife	spouse, husband, wife		FALSE
TRUE	adjective	mjaɾ	mjar	special, meaningful, distinct	special, meaningful, distinct		FALSE
TRUE	interjection	mjas	mjas	yes, that's false (someone asked a closed question in the negative and I confirm the negative statement, denying the underlying positive)	yes, actually		FALSE
TRUE	noun (inanimate)	mjẽ.sej	mjései	planet	planet		FALSE
TRUE	adjective	mjy.beː.le	mjubeele	excellent, fantastic, awesome	excellent, fantastic, awesome		FALSE
TRUE	noun (inanimate)	mø	mo	fence, encircling wall; grille, mesh, bars, latticework	fence, wall, perimeter, grille, bars, mesh, lattice		FALSE
TRUE	noun (inanimate)	mø.də̃ɬ	modýhl	outer equator, equator facing away from planet's centre of mass	equator		FALSE
TRUE	adjective	mø.ɬe	mohle	grey, desaturated mid-bright colour	grey, gray	colour	FALSE
TRUE	verb (intransitive)	møl	mol	hear, {experiencer} be audible as perceived by {observer}	hear, audible		FALSE
TRUE	noun (inanimate)	møːɸ	moof	heart (organ)	heart		FALSE
TRUE	adjective	mø̃ːɸ	móof	big, large, (spatially) extensive, voluminous	big, large, extensive, volume, voluminous		FALSE
TRUE	verb (intransitive)	mø̃ː.ɸy.dɾa	móofudra	{agent} stretch/pressurise/unfold {experiencer}; {experiencer} swell, extend, expand, grow bigger	stretch, pressurise, unfold, swell, extend, expand, grow		FALSE
TRUE	verb (transitive)	mø̃ː.ʎy	móollu	send (person, package or vehicle), dispatch; undock from	send, dispatch, undock		FALSE
TRUE	noun (inanimate)	møː.pã.ʙi	moopávi	index, serial number, running sortable integer assigned to one of similar objects; ordinal number	number, index, serial, serial number, ordinal		FALSE
TRUE	verb (intransitive)	mø.pãɸ	mopáf	have an emergency, suffer a disaster, be in distress	emergency, disaster, distress		FALSE
TRUE	verb (transitive)	mø.ɾa	mora	pierce, pass through, penetrate	pierce, pass, through, penetrate		FALSE
TRUE	noun (inanimate)	mø‍.‍ʙe.dɾal	mo‍‍vedral	blindfold	blindfold		FALSE
TRUE	adjective	mø‍.‍ʙej	mo‍‍vei	blind in lower eyes, without wide-angle vision	blind		FALSE
TRUE	noun (inanimate)	mø̃.ɕe	móxe	band, belt, scarf, any tubular apparel	band, belt, scarf		FALSE
TRUE	particle	my	mu	marks yes/no question, placed at start of sentence or before the verb	untranslatable		FALSE
TRUE	verb (transitive)	my.ce	muce	set in order, tidy up, refine, separate and categorise internal parts of; (electricity) polarise, charge	order, tidy, refine, separate, categorise, polarise, charge		FALSE
TRUE	conjunction (clause)	my.di	mudi	A conj B = if A then B, A implies B	if, then, imply		FALSE
TRUE	noun (inanimate)	my.dø	mudo	knob, dial, slider, continuous input mechanism	knob, dial, slider, input		FALSE
TRUE	noun (inanimate)	myɬ	muhl	storage, warehouse	storage, warehouse		FALSE
TRUE	noun (inanimate)	myj	mui	husk, crust (dry tough outer layer of something like a seed); casing (of a machine); nacelle, outcrop (on a spaceship)	husk, crust, casing, nacelle, outcrop		FALSE
TRUE	noun (inanimate)	myj.wa.biː	Muiwabii	(place name) Brittle Hollow (literally "spherical husk" or "inward-pulling crust")	Brittle Hollow	placenames	FALSE
TRUE	noun (inanimate)	my.le	mule	haunch, thigh, lower limb from hip to knee; lap, arms (front of the body as a place to store items)	haunch, thigh, leg, hip, knee, lap, arms		FALSE
TRUE	verb (transitive)	myʎ	mull	cover, surround, wrap self onto; hug	cover, surround, wrap, hug		FALSE
TRUE	adjective	mys	mus	ripe, mature, ready	ripe, mature, ready		FALSE
TRUE	noun (inanimate)	my.sə̃ː.paɬ	musýypahl	food made by shredding and mixing cold ingredients with oil or syrup, analogous to salad; (archaic) bowl of sample leaves brought back from scouting to show the herd a plant has matured	salad, sampler, bowl		FALSE
TRUE	noun (inanimate)	myː	muu	mask, helmet, any equipment worn over the whole face	mask, helmet		FALSE
TRUE	noun (inanimate)	myː.je	muuje	whole, entirety, bulk	whole, entirety, bulk		FALSE
TRUE	verb (transitive)	myː.ɕ	muux	{experiencer} be full of {agent}, {agent} fill/pervade/occupy {experiencer}	full, fill, pervade, occupy		FALSE
TRUE	noun (inanimate)	məj	myi	penis	penis		FALSE
TRUE	adjective	mə̃.jy	mýju	medium-roughness, average smooth/rough	smooth, rough		FALSE
TRUE	verb (transitive)	məl	myl	cause, induce, make happen	cause, induce, make		FALSE
TRUE	noun (inanimate)	məʎ	myll	south, southern polar region	south		FALSE
TRUE	adjective	mə̃.mə	mýmy	hard, rigid, inflexible, crystal-like, low flexibility	hard, rigid, inflexible, crystal-like		FALSE
TRUE	adverb	məɾ	myr	too, too much, excessively, overly, harmfully	too, too much, excessively, overly, harmfully		FALSE
TRUE	adverb	mə̃.ɾø̃	mýró	rarely, seldom	rarely, seldom		FALSE
TRUE	verb (transitive)	məw.di	myudi	roast, bake, grill, fry, process with (dry) heat, cook	roast, bake, grill, fry, cook		FALSE
TRUE	noun (inanimate)	məː.sø	myyso	bottle, tank, flask, enclosed fluid-tight container	bottle, tank, container, flask		FALSE
TRUE	noun (inanimate)	məː.ʙəː	myyvyy	berry, kernel, separable piece of edible plant; measurement, datapoint, pixel	berry, kernel, measurement, datapoint, pixel		FALSE
TRUE	noun (inanimate)	nãː.cãː	náacáa	type of plant with an oblong underground bulb known for pungent taste: onion, garlic, leek; (name) Allium	onion, garlic, leek, allium		FALSE
TRUE	noun (inanimate)	naːs	naas	fruit (growing from an above-ground stem or branch, regardless of consistency or sugar content)	fruit		FALSE
TRUE	noun (inanimate)	na.bã.ci das.wajɾ dwẽ.nyɾ tãɬ	nabáci daswair dwénur táhl	the High Energy Lab Trailhead	high energy lab trailhead, trailhead		FALSE
TRUE	noun (inanimate)	na.bãj	nabái	tail (chiefly like that of Nomai: straight, cylindrical, and furred); easily accessible part of something, surface appearance, first glance; trailhead, meeting point	tail		FALSE
TRUE	verb (transitive)	na.bãs.mej	nabásmei	guide, show around; raise, care for (a child)	guide, show, raise, care		FALSE
TRUE	verb (transitive)	na.dɾa	nadra	control, steer, attend, give commands to (prototype: like aiming a telescope)	control, steer, attend		FALSE
TRUE	noun (inanimate)	na.dɾa.dø̃j	nadradói	control input, command, order, function call, machine instruction	input, command, order, function, call, instruction		FALSE
TRUE	verb (intransitive)	nãɸ	náf	dine, feast, celebrate something by eating; (archaic) graze in one unusually rich spot, from the edges in	dine, feast, celebrate, graze		FALSE
TRUE	noun (inanimate)	na.ɬa	nahla	the present time	present, current		FALSE
TRUE	noun (inanimate)	naj	nai	edge, border, boundary, brim, fringe	edge, border, boundary, brim, fringe		FALSE
TRUE	noun (animate)	nãj.ciː	náicii	grandmother (father's mother); trusted adult, non-immediate familial figure	grandmother		FALSE
TRUE	noun (inanimate)	nãl	nál	beard, neck wool, facial hair	beard, facial hair		FALSE
TRUE	noun (animate)	naɾ.dyːj	narduui	culture, civilisation (usually of one species)	culture, civilisation		FALSE
TRUE	noun (inanimate)	nã.ɾøːɕ	nároox	pond, puddle	pond, puddle		FALSE
TRUE	noun (inanimate)	nãw	náu	archway, passageway, corridor	arch, archway, passage, passageway, corridor		FALSE
TRUE	noun (inanimate)	nãɕ	náx	skin, hide, leather (as material, exotic to Nomai until spaceflight and mildly morbid afterwards)	skin, hide, leather		FALSE
TRUE	noun (inanimate)	ɲca.bej	ncabei	background, backdrop, ambient levels of relevant quantities	background, backdrop, ambient		FALSE
TRUE	noun (animate)	ɲcaw	ncau	instance, individuation, occurrence, unit, piece, one as in "this one beats that one" (animate because originally meant living individual)	instance, individuation, occurrence, unit, piece, one		FALSE
TRUE	adverb	ɲceː	ncee	separately, apiece, each	separately, apiece, each		FALSE
TRUE	noun (animate)	ɲcẽw	ncéu	member, participant, party	member, participant, party		FALSE
TRUE	noun (animate)	ɲcyj.leː	ncuilee	friend group, sub-community, context for having friends (examples: "friends from work", "friends from the bar")	friends, group, friend group, community		FALSE
TRUE	noun (inanimate)	ɲcəː	ncyy	place under, space below; underlying cavity or rain-shadow; footprint, area covered by base of	under, below, beneath, shadow, place under, space below, rain-shadow, footprint, area		FALSE
TRUE	noun (inanimate)	ndãː.jøɕ	Ndáajox	(place name) Ndáajox (a binary star system near the Nomai homeworld, significant and early astronomical discovery)	Ndáajox	placenames	FALSE
TRUE	noun (inanimate)	ndãː.jøɕ.daɕ	Ndáajoxdax	(place name) Hourglass Twins, collective term for Ember Twin and Ash Twin (literally "little Ndáajox", named after a famous binary star)	Hourglass Twins	placenames	FALSE
TRUE	noun (inanimate)	ndãːw	ndáau	silver (element)	silver		FALSE
TRUE	noun (inanimate)	ndal	ndal	dairy-like food made of frothed plant oils and saps, used as sauce base and a mild condiment: cream, mayonnaise	dairy, oil, sap, condiment, cream, sauce, mayonnaise		FALSE
TRUE	adjective	ndal.se	ndalse	similar to ndal; emulsified, incorporated, homogeneous; (socially) united, agreed, focused	emulsified, incorporated, homogeneous, united, agreed, focused		FALSE
TRUE	verb (transitive)	ndal.se.dɾa	ndalsedra	emulsify, homogenise, incorporate; alloy	emulsify, homogenise, incorporate, alloy		FALSE
TRUE	noun (inanimate)	nde	nde	front side, near side, place in front of something (met first in direction of travel); before, earlier, ago	front, frontside, front side, near, nearside, near side, before, earlier, ago		FALSE
FALSE	noun (animate)	ndẽːɕ	ndéex	deprecated, used to mean "Nomai"			FALSE
TRUE	noun (inanimate)	ndẽɸ	ndéf	a type of low flowering plant with simply shaped leaves; (name) Pye	pye	names, plants	FALSE
TRUE	noun (animate)	ndẽj.teː	ndéitee	counterpart, equivalent in another similar social structure	counterpart, equivalent		FALSE
TRUE	verb (intransitive)	nde.mi	ndemi	almost do, nearly do, come close to, narrowly miss doing	almost, nearly, close to, miss		FALSE
TRUE	noun (inanimate)	ndiː	ndii	the past	past		FALSE
TRUE	noun (inanimate)	ndi.ɾiː	ndirii	large bowl for mixing or serving	bowl		FALSE
TRUE	noun (inanimate)	ndi.ɕẽ.løɾ	ndixélor	a type of evergreen hot-climate tree producing mildly toxic fruits; (name) Annona	annona	names, plants	FALSE
TRUE	verb (transitive)	ndø	ndo	frown at, show negative or reserved body language to	frown, reserved		FALSE
TRUE	verb (intransitive)	ndø.ɸaː	ndofaa	apologise, confess, declare intent to repair trust	apologise, apology, sorry, confess, repair		FALSE
TRUE	noun (inanimate)	ndø̃.jøː	ndójoo	seam, connection point	seam, connection		FALSE
TRUE	verb (intransitive)	ndø̃ːɬ	ndóohl	crawl, slither, move without discrete steps; flow, run (like liquid)	crawl, slither, flow, run		FALSE
TRUE	verb (intransitive)	ndø̃ːɬ.cel	ndóohlcel	breastfeed someone (literally 'cause to flow')	breastfeed		FALSE
TRUE	adjective	ndø̃ːɬ.sə	ndóohlsy	(of rock) igneous, made of cooled magma	igneous		FALSE
TRUE	verb (intransitive)	ndyj	ndui	happen, occur, take effect; (of tangible entity) do its thing, be unleashed, be set loose on something	happen, occur, effect, loose, unleash		FALSE
TRUE	noun (inanimate)	ndyj.høɕ	nduihox	event, occurrence, incident, point in spacetime as identified by its downstream effects	event, occurrence, incident		FALSE
TRUE	verb (transitive)	ndyː	nduu	speak, say, communicate, express (prototype: say "friend" and enter)	speak, say, communicate, express		FALSE
TRUE	noun (inanimate)	ne	ne	the phoneme /n/ and the matching letter	/n/, n	letters	FALSE
TRUE	particle	nẽ	né	spoken equivalent to a colon or info-box under a header, as in "Update: We succeeded" (Left side takes a noun phrase that defines the message itself, right side takes a sentence. Noun phrase on left uses specific form to mark definiteness.)	colon, untranslatable		FALSE
TRUE	noun (inanimate)	nẽːl.dy.me	néeldume	make a pilgrimage, tour ceremonially, travel for a ritual	pilgrimage, tour, ceremony, ritual		FALSE
TRUE	noun (animate)	nẽɸ.hẽɸ	néfhéf	confidant, inner circle member, loved one	confidant, member, loved one		FALSE
TRUE	noun (inanimate)	nej	nei	the future	future		FALSE
TRUE	verb (transitive)	nẽll	néll	strain, encumber, stress	strain, encumber, stress		FALSE
TRUE	adjective	nel.ɕeː	nelxee	added, additional, further, increased	added, additional, further, increased		FALSE
TRUE	noun (inanimate)	ne.ma.ɾø̃	nemaró	line (geometry)	line, geometry		FALSE
TRUE	verb (intransitive)	nẽ.mbi	némbi	cope, manage, deal, weather; (archaic) deal with the wind, be sufficiently insulated or shielded, not be blown away	cope, manage, deal		FALSE
TRUE	verb (transitive)	nẽs.ɕə	nésxy	block, obstruct, stop (absolutive is a potentially moving entity)	block, obstruct, stop		FALSE
TRUE	adjective	ne.ʙẽː	nevée	absurd, surreal, dreamlike	absurd, surreal, dreamlike		FALSE
TRUE	noun (inanimate)	ni.cø	nico	stock, broth, infusion; tea, brew	stock, broth, infusion, tea, brew		FALSE
TRUE	verb (transitive)	niː	nii	{experiencer} grow, mature; {agent} develop {experiencer}; (of number) increase	grow, mature, develop, increase		FALSE
TRUE	verb (transitive)	nis	nis	(actively) smell, sniff; get familiar with	smell, sniff, get familiar		FALSE
TRUE	noun (inanimate)	ɲa	nna	the phoneme /ɲ/ and the matching letter	/ɲ/, ɲ, nn	letters	FALSE
TRUE	adjective	ɲaː	nnaa	scant, sparse, stunted, barren, poor in vegetation; (of number) low, small	scant, sparse, stunted, barren, low, small		FALSE
TRUE	adjective	ɲã.bə̃	nnábý	nice, polite, courteous (obeying Nomai social norms, chiefly by sharing and receiving information or enabling those acts)	nice, polite, courteous		FALSE
TRUE	noun (animate)	ɲa.‍ɸaj	nna‍fai	aunt (father's sister)	aunt	family	FALSE
TRUE	noun (animate)	ɲãj	nnái	gang, clique, informal gathering	gang, clique, gathering		FALSE
TRUE	verb (transitive)	ɲãj.lãs	nnáilás	trample, muddy up; use up, wear out; explore throughout; overstay one's welcome 	trample, muddy, muddy up, use, use up, wear, wear out		FALSE
TRUE	noun (inanimate)	ɲãʎ	nnáll	excrete, eliminate, emit, put out	excrete, eliminate, emit, put out		FALSE
TRUE	verb (intransitive)	ɲa‍.‍mø	nna‍‍mo	crouch, brace, hold on to something, secure oneself (early from wind, later from interruptions in artificial gravity)	crouch, brace, hold, hang, secure		FALSE
TRUE	noun (inanimate)	ɲã.mø̃.nẽ	nnámóné	smoothie, shake, sludge, thick semifluid food used to sustain Nomai through long experiments	smoothie, shake, sludge		FALSE
TRUE	noun (animate)	ɲas.ɲy	nnasnnu	cook, designated food preparer	cook		FALSE
TRUE	adjective	ɲã.ʙeː	nnávee	lukewarm, medium-temperature	lukewarm, temperature		FALSE
TRUE	verb (transitive)	ɲe.das.cəj	nnedascyi	depict, portray, {agent} be information about {experiencer}; {agent} pretend to be {experiencer}, act as	depict, portray, pretend, about, act, act as		FALSE
TRUE	noun (animate)	ɲeːw	nneeu	worm, slug, any of a diverse family of soft-bodied slithering creatures	worm, slug		FALSE
TRUE	adjective	ɲeː.ʙa	nneeva	beautiful, pleasing, satisfying	beautiful, pleasing, satisfying		FALSE
TRUE	verb (transitive)	ɲe.hẽ	nnehé	hit, headbutt, charge into	hit, headbutt, charge into		FALSE
TRUE	verb (transitive)	ɲej	nnei	help, save, rescue	help, save, rescue		FALSE
TRUE	verb (transitive)	ɲel	nnel	wear down, grind, abrade; grate	wear, wear down, grind, abrade, grate		FALSE
TRUE	verb (transitive)	ɲẽ.leɸ	nnélef	push, nudge, goad; hint, notify	push, nudge, goad, hint, notify		FALSE
TRUE	noun (animate)	ɲeʎ	nnell	(archaic) matriarch, queen, female chieftain; (biology) queen, only breeding adult; (slang) wise person (any gender); domineering person (any gender)	matriarch, queen, chief, chieftain		FALSE
TRUE	noun (inanimate)	ɲe.ʎøɾ	nnellor	blue or white giant star, supergiant star	star, blue giant, white giant, giant		FALSE
TRUE	adjective	ɲel.ɲəl	nnelnnyl	slippery, slick, low-friction	slippery, slick, friction		FALSE
TRUE	noun (inanimate)	ɲel.sy	nnelsu	dry spot, dead grass, drought	dry, dead, grass, drought		FALSE
TRUE	noun (animate)	ɲe.ndə	nnendy	hero, saviour, champion	hero, saviour, champion		FALSE
TRUE	verb (transitive)	ɲe.ɾy	nneru	accompany, hang around, spend time in vicinity of	accompany, hang, hang around, spend		FALSE
TRUE	noun (inanimate)	ɲe.ɾyl	nnerul	moon, companion celestial body, natural orbiter 	moon, orbiter		FALSE
TRUE	noun (inanimate)	ɲe.ɾə.ləs.ha.ɕiɾ	Nnerulyshaxir	(place name) Quantum Moon (compound of nnerul 'companion' + yshaxir 'indeterminate')	Quantum Moon	placenames	FALSE
TRUE	verb (transitive)	ɲes	nnes	drag, tow, pull; record, save, log; collect (data or artefacts)	drag, tow, pull, record, save, log, collect		FALSE
TRUE	noun (inanimate)	ɲẽ.sə̃ː	nnésýy	trunk, torso; (of furniture or structures) tabletop, shelf, flat horizontal space	trunk, torso, tabletop, shelf		FALSE
TRUE	adjective	ɲe.ʙa	nneva	(of plant) niche, endemic, only available in a small area; (metaphor) hard to obtain, unusually good quality	niche, endemic, rare, good, quality		FALSE
TRUE	noun (inanimate)	ɲẽ.wa	nnéwa	shoulder girdle, upper thorax, where the arms attach and everything in between	shoulder, shoulders, girdle, thorax, clavicle, clavicles		FALSE
TRUE	noun (animate)	ɲeɕ	nnex	clan	clan		FALSE
TRUE	numeral	ɲi	nni	two	two		FALSE
TRUE	adjective	ɲi.ca	nnica	light, unmassive, low-mass	light, unmassive, low-mass		FALSE
TRUE	noun (inanimate)	ɲi.hə̃	nnihý	path, walkway, trail, road (structure in the world)	path, walkway, trail, road		FALSE
TRUE	numeral	ɲiː	nnii	two (connective form)	two		FALSE
TRUE	noun (inanimate)	ɲiːl	nniil	daytime, daylit period	daytime, daylight		FALSE
TRUE	adjective	ɲi.ɲy	nninnu	cute, adorable, evoking a protective instinct	cute, adorable, sweet		FALSE
TRUE	adjective	ɲi.nø	nnino	medium-complexity, with average amount of components	complexity, complex		FALSE
TRUE	verb (transitive)	ɲi.we	nniwe	lead, govern, represent	lead, govern, represent		FALSE
TRUE	noun (inanimate)	ɲi.wẽl.dẽ	nniwéldé	a type of mildly pungent plant with many edible parts; (name) Brassica	brassica	names, plants	FALSE
TRUE	verb (transitive)	ɲø	nno	apply force to, push, pull, accelerate	force, push, pull, accelerate		FALSE
TRUE	verb (transitive)	ɲø.ca	nnoca	lay, put down; let go of, leave be; stop, quit (action, method)	lay, put down, let go, leave, leave be, let be, stop, quit		FALSE
TRUE	verb (intransitive)	ɲø̃.di	nnódi	soak, bathe, swim (exotic act - Nomai in space tend to ration water, even now)	soak, bathe, swim		FALSE
TRUE	verb (transitive)	ɲø̃.ɸø	nnófo	trust, treat as reliable (in some limited field or following instructions), be at ease depending on	trust, depend, rely, reliable		FALSE
TRUE	noun (animate)	ɲø̃ɬ	nnóhl	grandson	grandson		FALSE
TRUE	verb (intransitive)	ɲø̃.jø	nnójo	turn, change direction (prototype: at a corner of a zigzagging path)	turn, direction, zigzag, corner		FALSE
TRUE	noun (animate)	ɲø̃.law	nnólau	theorist, someone who deals with deep abstract symbols	theorist		FALSE
TRUE	conjunction (clause)	ɲø̃ː.he	nnóohe	like, in the same way that	like, same way, how		FALSE
TRUE	noun (inanimate)	ɲø̃ː.lẽɾ	nnóolér	robe, non-spacesuit garment, indoor wear	robe, garment, clothes, clothing		FALSE
TRUE	noun (inanimate)	ɲø̃ːs	nnóos	spring, geyser, any terrain feature that produces liquid; (when qualified) volcano	spring, geyser, volcano		FALSE
TRUE	noun (inanimate)	ɲø̃.pə	nnópy	mouth	mouth		FALSE
TRUE	adjective	ɲø̃.ɾø	nnóro	dense, thick, obstructive, hard to pass (land or vegetation)	dense, thick, obstruct, obstructive, difficult		FALSE
TRUE	verb (transitive)	ɲø̃.waj	nnówai	turn, twist, rotate, adjust (of knob or dial)	turn, twist, adjust, rotate		FALSE
TRUE	noun (animate)	ɲøɕ.ti	nnoxti	brother (male person who shares at least one parent)	brother		FALSE
TRUE	noun (inanimate)	ɲy	nnu	external ear, ear-flap	ear, external ear, ear-flap, flap		FALSE
TRUE	adjective	ɲyɬ.ci	nnuhlci	salty (one of five basic tastes)	salty, salt		FALSE
TRUE	noun (inanimate)	ɲy‍.‍ʎø	nnu‍‍llo	vine, rope-like plant stem	vine		FALSE
TRUE	verb (intransitive)	ɲy.tes	nnutes	(archaic) graze in a zigzag pattern (to fully harvest a valley or similar, or to slow the migration)	zigzag, graze		FALSE
TRUE	noun (inanimate)	ɲyː.mø̃ː	nnuumóo	carbon (element)	carbon		FALSE
TRUE	adjective	ɲyːɾ.pa	nnuurpa	easy, trivial, effortless; (of plant) all green, all edible, soft	easy, trivial, effortless, green, edible, soft		FALSE
TRUE	noun (inanimate)	ɲyːɕ	nnuux	root (chiefly thin, horizontal), tendril, mycelium	root, tendril, mycelium		FALSE
TRUE	verb (transitive)	ɲə̃	nný	make, craft, create, build (physically); (without agent) form, manifest, appear	make, craft, create, build, form, manifest, appear		FALSE
TRUE	noun (inanimate)	ɲə.cə	nnycy	pit, valley, crater, any concave formation of matter	pit, valley, crater, concave	places	FALSE
TRUE	noun (animate)	ɲə̃.lø̃ː	nnýlóo	actor, storyteller, entertainer	actor, storyteller, entertainer		FALSE
TRUE	adjective	ɲə̃.pel	nnýpel	loud, noisy, with intense sound	loud, noisy, sound, intense, volume		FALSE
TRUE	noun (inanimate)	ɲə̃.tə̃ɬ	nnýtýhl	utensil for grabbing food (these are highly personalised among Nomai and use a variety of form factors)	utensil, fork, spoon, knife, chopstick, chopsticks		FALSE
TRUE	noun (inanimate)	ɲə̃ɕ	nnýx	thorn, quill, spike	thorn, quill, spike		FALSE
TRUE	verb (transitive)	ɲə̃ɕ.tə̃	nnýxtý	trust, vouch for, consider good at deciding for others	trust, vouch		FALSE
TRUE	noun (inanimate)	ɲə̃ː.ɲãːɾ	nnýynnáar	a type of fragrant herb with small blue flowers; (name) Hyssop	hyssop	names, plants	FALSE
TRUE	noun (animate)	nø̃.bə̃	nóbý	mind, consciousness, brain function as contrasted with the body	mind, consciousness, brain function, psyche, soul		FALSE
TRUE	noun (animate)	nøl.tø̃	noltó	great-grandson	great-grandson, great grandson, grandson 		FALSE
TRUE	noun (animate)	nø.maj	nomai	Nomai (or one of their close relatives, extinct)	Nomai		FALSE
TRUE	noun (animate)	nøːɬ	noohl	update, follow-up, addendum, appendix (message or document that corrects or confirms something said earlier); (archaic) herd that migrates far behind another, consuming plants that the preceding herd sowed	update, follow-up, addendum, appendix		FALSE
TRUE	adjective	nø̃s	nós	hot, high-temperature	hot, high-temperature, temperature, heat		FALSE
TRUE	verb (intransitive)	nø̃.tã	nótá	struggle, strive, toil, make an effort (does not imply failure)	struggle, strive, toil, effort		FALSE
TRUE	verb (transitive)	ny	nu	lift, raise, pick up	lift, raise, pick up		FALSE
TRUE	verb (transitive)	ny.bẽː	nubée	appear in dream to, {experiencer} dream of {agent}	dream		FALSE
TRUE	noun (inanimate)	ny.cã	nucá	fibre, thread, strand	fibre, fiber, thread, strand		FALSE
TRUE	verb (transitive)	nyɬ.daw	nuhldau	agitate, stress, cause to worry	agitate, stress, worry		FALSE
TRUE	noun (inanimate)	nyɬ.lə	nuhlly	diagram, schematic, blueprint; a type of minimalist art (simplified or iconic visual creation)	diagram, schematic, blueprint, art, drawing, icon		FALSE
TRUE	adjective	nyj	nui	thick, extruded, bulky, solid-shaped	thick, extruded, bulky, solid		FALSE
TRUE	noun (inanimate)	nyl	nul	gravity funnel (literally 'lifter')	gravity, gravity funnel		FALSE
TRUE	noun (inanimate)	ny.my	numu	unit of time equal to 216 mbau (132 human minutes or 2 h 12 min)	hour		FALSE
TRUE	noun (inanimate)	ny.nø̃ɸ	nunóf	any of a family of yellow flowers; (name) Oeno	oeno	names, plants	FALSE
TRUE	noun (inanimate)	ny.ɾãj	nurái	a type of flower with large leaves that spiral up the stem; (name) Canna	canna	names, plants	FALSE
TRUE	noun (inanimate)	nyː	nuu	lung	lung		FALSE
TRUE	noun (inanimate)	nyː.ɕø̃	nuuxó	tower, lookout (chiefly standing on its own, rarely used of residential buildings)	tower, lookout		FALSE
TRUE	noun (inanimate)	nyː.ɕø̃ saɾ.ti.lə̃ɾ	nuuxó sartilýr	warp tower	warp tower		FALSE
TRUE	noun (inanimate)	nyː.ɕø̃j ɾa.dã.nyɾ əs.ha.ɕiɾ.cos.cẽ	nuuxói radánur yshaxircoscé	the Tower of Quantum Knowledge	Tower of Quantum Knowledge		FALSE
TRUE	noun (inanimate)	nwa	nwa	juice, sap; drink, beverage	juice, sap, drink, beverage		FALSE
TRUE	noun (inanimate)	nwe	nwe	(modern) flaw, bug, glitch, error, shortcoming	flaw, bug, glitch, error, shortcoming		FALSE
TRUE	interjection	nweː	nwee	greeting on sight or response to such, no wish for conversation; hi, I'm good	greeting, greetings, hi, hello		FALSE
TRUE	noun (inanimate)	nwiː	nwii	toy, trinket (broad concept, covering parts of 'game' and 'costume')	toy, trinket, game, costume		FALSE
TRUE	noun (inanimate)	nwiːl	nwiil	guess, unexplained assumption; (mild expletive) crap, shoot	guess, assumption, crap, shoot		FALSE
TRUE	verb (transitive)	nə̃	ný	connect, attach, join	connect, attach, join		FALSE
TRUE	noun (inanimate)	nə.cəs	nycys	any of a family of thin flowering plants; (name) Avens	avens	names, plants	FALSE
TRUE	adjective	nəɸ	nyf	medium-mass, average light/heavy	medium-mass, mass, light, heavy		FALSE
FALSE	noun (inanimate)	nə.ɸy .mø̃	nyfu mó	the Construction Yard	Construction Yard		FALSE
TRUE	adverb	nəɬ	nyhl	slowly, at low-speed	slowly, speed		FALSE
TRUE	adjective	nəj	nyi	sensitive, keen, likely to notice small stimuli	sensitive, keen		FALSE
TRUE	verb (transitive)	nəl	nyl	refute, debunk, rule out	refute, debunk, rule out		FALSE
TRUE	noun (animate)	nə̃.mãː	nýmáa	project head, temporary leader or manager	project, head, leader, manager		FALSE
TRUE	noun (inanimate)	nə.nə̃	nyný	a specific narrative game, similar to tabletop RPGs, played on a hexagonal grid using structured debates to advance the story	tabletop, rpg, game		FALSE
TRUE	noun (inanimate)	nə.ɾiɾ	nyrir	lamp, light fixture	lamp, light fixture, light		FALSE
TRUE	noun (inanimate)	nəw	nyu	trampled dirt, packed dirt; central square, public space, yard	trampled, dirt, packed, square, agora, public space, yard	places	FALSE
TRUE	noun (inanimate)	nə̃ː	nýy	upper antler (looped on a Nomai)	upper antler, antler, horn		FALSE
TRUE	noun (inanimate)	nəː.tø̃	nyytó	rock, boulder (head-sized to several times person height, but in principle movable)	rock, boulder, stone		FALSE
TRUE	noun (inanimate)	nəː.tø̃.teɾ	Nyytoter	(place name) Blackrock (compound of nýyto 'boulder' + ter 'black')	Blackrock	placenames	FALSE
TRUE	verb (intransitive)	ø̃.ce	óce	become idle again, end a bout of focus, enter one's normal stimulus-reaction loop	idle, focus, calm		FALSE
TRUE	adjective	ø.də	ody	good, useful, suitable, quality	good, useful, suitable, quality		FALSE
TRUE	verb (transitive)	ø.fø	ofo	tie, twist up, tangle, knot, weave	tie, twist, twist up, tangle, knot, weave		FALSE
TRUE	verb (transitive)	ø̃.ɸɾø̃ː	ófróo	recreate, replicate, reproduce, verify, confirm	recreate, replicate, reproduce, verify, confirm		FALSE
TRUE	noun (animate)	ø.ɬyj	ohlui	grandfather (mother's father or father's father)	grandfather		FALSE
TRUE	verb (transitive)	øj.de	oide	understand, know well enough and deep enough to be able to regenerate the knowledge from first principles (experiencer is any information or source thereof)	understand		FALSE
TRUE	adjective	øj.nø	oino	free, loose, unrestrained	free, loose, unrestrained		FALSE
TRUE	verb (transitive)	ø.jyj	ojui	{experiencer} be empty of {agent}, {agent} be absent from {experiencer}	empty, absent, lack, without		FALSE
TRUE	noun (inanimate)	øl	ol	the phoneme /ø/ and the matching letter	/ø/, ø, o	letters	FALSE
TRUE	adjective	ø.ʎø.‍ba	ollo‍ba	hostile, malevolent	hostile, malevolent		FALSE
TRUE	noun (inanimate)	ø̃miɬ	ómihl	shadow; night, place where the planet blocks the sun	shadow, night		FALSE
TRUE	verb (intransitive)	ø.nda	onda	sleep, be in an unaware state, be dormant	sleep, unaware, dormant, unconscious, rest		FALSE
TRUE	noun (inanimate)	ø.nda.cãwɾ	ondacáur	bunkroom, dormitory, berthing	bunkroom, dorm, dormitory, berthing		FALSE
TRUE	verb (transitive)	ø̃.ɲẽw	ónnéu	find, locate	find, locate		FALSE
TRUE	verb (intransitive)	ø̃.nə̃ː	ónýy	sneak, creep, trespass, hide oneself	sneak, creep, trespass, hide		FALSE
TRUE	noun (inanimate)	ø̃ː.ɸyɾ	óofur	flag, banner, streamer, windsock, label or landmark made of coloured cloth (usually sewn so the wind will lift or inflate it)	flag, banner, streamer, windsock, kite		FALSE
TRUE	noun (inanimate)	ø̃ːʎ	óoll	the phoneme /ø̃/ and the matching letter	/ø̃/, ø̃, ó	letters	FALSE
TRUE	noun (inanimate)	øːs	oos	the phoneme /øː/ and the matching letter	/øː/, øː, oo	letters	FALSE
TRUE	noun (inanimate)	ø̃ːɕ	óox	the phoneme /ø̃ː/ and the matching letter	/ø̃ː/, ø̃ː, óo	letters	FALSE
TRUE	verb (transitive)	ø.pil	opil	value, prioritise, consider important	value, prioritise, appreciate, important, importance, priority		FALSE
TRUE	noun (inanimate)	ø.pi.løɕ	opilox	priority, note, highlight, that which is considered important	priority, note, highlight, important		FALSE
TRUE	noun (inanimate)	ø.ɾi	ori	(archaic) glaze, lacquer; (modern) layer, stratum; height, altitude; isosurface	glaze, lacquer, layer, stratum, height, altitude		FALSE
TRUE	interjection	ø.se.ja	oseja	goodnight; be well (said by or to someone going to sleep or dropping out of communication)	goodnight, good night		FALSE
TRUE	noun (inanimate)	ø.ʙø	ovo	flank fur, hip fur, coattail, longer hair that hangs over the lower limb	flank, fur, flank fur, hip, hip fur, coattail		FALSE
TRUE	verb (intransitive)	paː	paa	be hungry	hunger, hungry	body, sensations	FALSE
TRUE	noun (inanimate)	pãː.ni	páani	stream, river	stream, river		FALSE
TRUE	noun (inanimate)	paːɾ	paar	knife, utensil for peeling and chopping	knife, utensil		FALSE
TRUE	adjective	paːs	paas	specific, particular, certain; distinct, dedicated	specific, particular, certain, distinct, dedicated		FALSE
TRUE	noun (inanimate)	paː.sej	paasei	grove, forest, oasis, cluster of taller plants	grove, forest, oasis		FALSE
TRUE	verb (intransitive)	paːs.jəl	paasjyl	be airtight, be sealed, be structurally solid, have good hull integrity; be fortunate, benefit someone by random chance	airtight, tight, sealed, fortunate, fortune, lucky, luck		FALSE
TRUE	noun (inanimate)	paː.ti	paati	any of a family of widespread vines; (name) Foli	foli	names, plants	FALSE
TRUE	noun (inanimate)	pa.ba	paba	magnet, permanent magnet	magnet	science	FALSE
TRUE	verb (transitive)	pã.biː	pábii	shelve, store, put away; (experiencer is abstract concept) promise, commit to	shelve, store, put away, promise		FALSE
TRUE	verb (transitive)	pã.hãː	páháa	mark down, write a document about, share non-real-time information about (absolutive is topic)	mark, mark down, write, write down, document		FALSE
TRUE	noun (inanimate)	pa.hẽː	pahée	sprout, sapling, seedling; prototype, precursor, work in progress; darling, sweetie	sprout, sapling, seedling, prototype, precursor, darling, sweetie		FALSE
TRUE	noun (inanimate)	pa.ɬ‍a	pahl‍a	task, quest, mission	task, quest, mission		FALSE
TRUE	verb (intransitive)	pajɸ	paif	shake, vibrate, oscillate	shake, vibrate, oscillate		FALSE
TRUE	adjective	paj.hy	paihu	transparent, glassy, see-through	transparent, glassy, seethrough, see-through		FALSE
TRUE	noun (inanimate)	pa.lẽːɕ	paléex	bag, sack, pouch (short distance carrying device)	bag, sack, pouch		FALSE
TRUE	verb (transitive)	pa.li	pali	clear, remove contents of, erase, smooth	clear, remove, erase, smooth		FALSE
TRUE	verb (intransitive)	paʎ	pall	suffice, work, be enough, suit, fit	suffice, work, enough, be enough, suit, fit		FALSE
TRUE	noun (inanimate)	pa.ma	pama	cloak, veil, cape (pre-spaceflight piece of clothing used in cold or dusty regions)	cloak, veil, cape		FALSE
TRUE	noun (inanimate)	pa.ma.cẽs.daɾ	Pamacésdar	(place name) Giant's Deep (compound of pama 'veil, cloak' + césdar 'spark, flash')	Giant's Deep	placenames	FALSE
TRUE	noun (inanimate)	pa.ɲceɸ	pancef	precarious, flimsy, or ill-fitting solution, hack, cheese	precarious, flimsy, ill-fitting, hack, cheese		FALSE
TRUE	verb (transitive)	pa.ɾø̃l	paról	hook, latch, plop in, place into uniquely defined self-correcting pose in holder or containment	hook, latch, plop, place, holder, containment, into		FALSE
TRUE	verb (transitive)	pas	pas	ruminate, chew the cud; think for the second time, think through (experiencer is person, agent is material)	ruminate, chew, reconsider, think through		FALSE
TRUE	verb (intransitive)	pãw	páu	behave, act, exhibit tendencies, follow some pattern; exist	behave, act, tendency, tendencies, pattern, exist		FALSE
TRUE	verb (transitive)	pawɸ	pauf	repeat, iterate, loop (method or procedure); quote, cite (person or message)	repeat, iterate, loop, quote, cite		FALSE
TRUE	verb (transitive)	pawɾ	paur	change, affect, alter, modify	change, affect, alter, modify		FALSE
TRUE	verb (transitive)	pã.wa.jy	páwaju	smooth, flatten, polish	smooth, flatten, polish		FALSE
TRUE	pronoun	pe	pe	they, that one (only occurs in relative clauses with an animate head-noun, refers back to the head, doesn't mark for specificity or number)	they, them, untranslatable		FALSE
TRUE	verb (intransitive)	pẽ	pé	jump, lunge, dash; play, frolic; embark, go aboard; connect, log in (to virtual world or similar)	jump, lunge, dash, play, frolic, embark, log in, connect		FALSE
TRUE	verb (intransitive)	pe.beː	pebee	drip, trickle, seep, flow with interruptions	drip, trickle, seep		FALSE
TRUE	noun (inanimate)	pẽ.cẽ	pécé	(rotating) joint, hinge	joint, hinge		FALSE
TRUE	noun (inanimate)	pẽ.ɸãl	péfál	particle, sizeless object	particle		FALSE
TRUE	pronoun	pej	pei	they, the people or animals the narrative is about (three or more), 3P.PROX, third-person proximate plural pronoun	they, them		FALSE
TRUE	verb (transitive)	pel	pel	limit, constrain, bound, make finite	limit, constrain, bound, finite		FALSE
TRUE	noun (inanimate)	peɾ	per	day-cycle, one rotation of the planet (or spaceship light conditions), equivalent to a 24 hour day on Earth	day, daylight cycle		FALSE
TRUE	adjective	peɕ.ɾø̃ː	pexróo	(ancient) not part of a herd; (modern) unconnected, individual, chaotic; gaseous (in phase); silly, scatterbrained	gaseous, individual, chaotic, silly, scatterbrained		FALSE
TRUE	noun (inanimate)	pi	pi	the phoneme /p/ and the matching letter	/p/, p	letters	FALSE
TRUE	verb (transitive)	pi.ce	pice	find out, work out, figure out, learn, calculate, come to know (chiefly by non-immediate calculation)	learn, calculate, find out, work out		FALSE
TRUE	noun (inanimate)	pi.ce.høɕ	picehox	answer, solution, that which is calculated or learned	answer, solution		FALSE
TRUE	verb (intransitive)	pi.cy.my	picumu	commit mischief, eavesdrop, trick, prank	mischief, eavesdrop, trick, prank		FALSE
TRUE	noun (animate)	piː	pii	method, manner, approach; (archaic) huddle, row, arrangement of Nomai standing shoulder to shoulder	method, manner, approach, huddle, row		FALSE
TRUE	noun (inanimate)	piːl	piil	torch, lantern, flashlight	torch, lantern, flashlight		FALSE
TRUE	noun (inanimate)	piː.ʙyː	piivuu	fire, controlled burn, incineration; campfire	fire, campfire		FALSE
TRUE	noun (inanimate)	pi.ja	pija	game, sport (typically focused on moving the body according to a ruleset)	game, sport		FALSE
TRUE	verb (transitive)	pil.dy	pildu	{experiencer} occur, manifest as trait, have influence; {agent} have, exemplify, be characterised by {experiencer}	occur, happen, have, characterise, characterize		FALSE
TRUE	noun (inanimate)	pil.dy.høɕ	pilduhox	trait, property, characteristic	trait, property, characteristic		FALSE
TRUE	verb (transitive)	piɾ	pir	escape, evade, flee from; (of action) avoid, beware, know better than to	escape, evade, flee, run		FALSE
TRUE	pronoun	pi.ɾəː	piryy	this (thing, being, or situation close to or mentioned by speaker)	this		FALSE
TRUE	verb (intransitive)	pi.wi	piwi	quarrel, argue, conflict, clash	quarrel, argue, conflict	social	FALSE
TRUE	verb (transitive)	pjaɾ	pjar	soak in, steep with, {agent} stay with {experiencer} and slowly affect it	soak, steep, affect, influence		FALSE
TRUE	noun (inanimate)	pje	pje	spot, dot, blob, shape defined by an origin point and a small number of radii	spot, dot, blob		FALSE
TRUE	verb (transitive)	pje.se.dra	pjesedra	make clump, make curdle, solidify, boil down; (of quantum system) cause to collapse, cause to decohere	collapse, decohere		FALSE
TRUE	noun (inanimate)	pjẽw	pjéu	mirage, illusion, false vision; artifact of sensor or encoding	mirage, illusion, artifact, glitch		FALSE
TRUE	verb (intransitive)	pjøj	pjoi	be (somewhere) in an unstable way, be passing through; hang, cling, balance	be, pass, hang, cling, balance		FALSE
TRUE	noun (inanimate)	pjy	pju	hand, prehensile hoof; toolhead, active end or part; cursor, working directory	hand, toolhead, cursor		FALSE
TRUE	verb (transitive)	pø̃	pó	forget, not apply knowledge of	forget		FALSE
TRUE	conjunction (clause)	pøj	poi	and then later	then, later, and		FALSE
TRUE	noun (inanimate)	pø̃j	pói	hammer, mallet, cudgel, blunt force tool	hammer, mallet, cudgel		FALSE
TRUE	adjective	pø.lə̃	polý	tired, fatigued, exhausted, worn	tired, fatigued, exhausted, worn		FALSE
TRUE	adjective	pø.ma	poma	heavy, weighty	heavy		FALSE
TRUE	adjective	pø̃‍.‍naː‍	pó‍‍naa‍	damp, moist, humid, containing residual water	damp, moist, humid		FALSE
TRUE	noun (inanimate)	pø̃.sø̃ː	pósóo	oil (food term, prototype: squeezed from seeds)	oil, fat		FALSE
TRUE	noun (inanimate)	pø.ʙaɕ	povax	gravity (related to poma 'heavy')	gravity		FALSE
TRUE	verb (transitive)	pɾa	pra	lick, scrape with the tongue (usually of soft plant matter)	lick		FALSE
TRUE	adverb	pɾaː	praa	really, truly, indeed (general purpose intensifier for confidence of belief)	really, truly, indeed, intensifier		FALSE
TRUE	verb (intransitive)	pɾãːw	práau	explode, violently self-destruct	explode		FALSE
TRUE	noun (inanimate)	pɾã.lø̃j	prálói	spiral, turning furrow or path; line of text; message, turn of a conversation	spiral, turn, message, line		FALSE
TRUE	noun (inanimate)	pɾa.paɬ	prapahl	toilet, hygiene room (on early Vessels only space with water disposal, nowadays automated body cleaner)	toilet, hygiene		FALSE
TRUE	verb (intransitive)	pɾaɕ	prax	stand, be static in a neutral posture	stand		FALSE
TRUE	noun (inanimate)	pɾẽɕ.da	préxda	any of a family of bushes and small trees whose leaves get spiky as they regrow, analogous to holly; (name) Ilex	ilex	names, plants	FALSE
TRUE	adverb	pɾi	pri	even, up to, surprisingly including	even, up to		FALSE
TRUE	adverb	pɾiːl	priil	usually, typically, in the most common case	usually, typically		FALSE
TRUE	noun (inanimate)	pɾə	pry	scar, old wound	scar		FALSE
TRUE	noun (inanimate)	psaː‍l	psaa‍l	(archaic) storeroom, vault, museum, place to store non-portable creations; (modern) home, dwelling	home, dwelling	places	FALSE
TRUE	noun (inanimate)	psi	psi	pressure (physical quantity)	pressure		FALSE
TRUE	numeral	psiː	psii	216 (6^3, connective form)	216		FALSE
TRUE	adjective	psi.maːs	psimaas	cubic, cube-shaped	cube, cubic		FALSE
TRUE	numeral	psiɾ	psir	216 (6^3)	216, 6^3		FALSE
TRUE	verb (transitive)	psø.ʙe	psove	embarrass, shame, make feel socially punished	embarrass, shame		FALSE
TRUE	noun (inanimate)	psyːɾ	psuur	void, eclipse, interstellar dark gas, place where eyesight stops working (connotations of 'hell')	void, eclipse, dark, hell		FALSE
TRUE	adjective	psəː	psyy	dextrous, coordinated, nimble, skilled; good, effective (also used where humans would say 'strong player' or 'big help')	nimble, dextrous, skilled, good, effective		FALSE
TRUE	noun (inanimate)	py.ce.na	pucena	comet	comet		FALSE
TRUE	verb (intransitive)	pyj	pui	walk, go on foot	walk		FALSE
TRUE	noun (inanimate)	pyj.paɬ	puipahl	sign, indication, evidence, trace; footprint	sign, indication, evidence, trace, footprint		FALSE
TRUE	noun (inanimate)	py.məɬ	pumyhl	paste, goo, jelly	paste, goo, jelly		FALSE
TRUE	verb (transitive)	py.məː	pumyy	carve, detail, draw on (stone or the like)	carve, detail, draw		FALSE
TRUE	adjective	pə	py	simple, straightforward, with few components	simple, straightforward		FALSE
TRUE	verb (transitive)	pəɸ.jø̃	pyfjó	move, relocate, go (overarching technical term for translation in space)	move, relocate, go		FALSE
TRUE	verb (transitive)	pə̃ɸ.ɕã	pýfxá	write, draw, manifest into visible form (usual verb for working with a llá staff)	write, draw		FALSE
TRUE	noun (inanimate)	pəj.lə̃ɸ	pyilýf	basket, bin, open-topped container	basket, bin, container		FALSE
TRUE	noun (inanimate)	pə̃w.ʙẽɕ	pýuvéx	tuft, bundle (of grass, bush, or crop)	tuft, bundle, bunch		FALSE
TRUE	determiner	pəː	pyy	this (near me), determiner deictic for things near speaker	this		FALSE
TRUE	noun (animate)	pə̃ː	pýy	(at least two nouns follow) aggregate, sum, gestalt, unified grouping made of X Y Z ... (if nouns are names, omit xa)	sum, aggregate, combination, gestalt		FALSE
TRUE	noun (animate)	pə̃ːʎ	pýyll	senior, Nomai of late reproductive age	senior, elder		FALSE
TRUE	adjective	pə̃ː.sə	pýysy	(of tool) inert, simple, solid-state, with few or no moving parts, manual, dumb	inert, simple, solid, manual, dumb		FALSE
TRUE	pronoun	ɾã	rá	they, the inanimate things in narrative focus (three or more), 3P.PROX.INAN, third-person proximate inanimate plural pronoun	they, them		FALSE
TRUE	noun (inanimate)	ɾa.dã	radá	science (as body of knowledge, as opposed to method)	science, scientific knowledge		FALSE
TRUE	verb (intransitive)	ɾa.də̃	radý	rotate, twirl, spin (oneself, on the spot)	rotate, spin, twirl, turn		FALSE
TRUE	verb (intransitive)	ɾa.də̃.paɬ	radýpahl	axle, fulcrum, bearing, thing around which something else is expected to rotate	axle, fulcrum, bearing		FALSE
TRUE	noun (inanimate)	ɾã.ɸeɸ.ɾø̃	ráfefró	thought experiment, alternative universe, a type of realistic fiction (growing from a small change to reality)	thought experiment, fiction		FALSE
TRUE	noun (inanimate)	ɾa.hil.jø̃	rahiljó	extent, degree, intensity	extent, degree, intensity		FALSE
TRUE	noun (inanimate)	ɾaɬ.nə̃	rahlný	tongue, other extensible mouth organ, proboscis	tongue, proboscis		FALSE
TRUE	conjunction (phrase)	ɾaj	rai	aka, i.e., in other words (indicates that the two noun phrases are both valid descriptions of the same referent)	aka, i.e., ie, that is, in other words		FALSE
TRUE	noun (animate)	ɾãj.ɾø̃	ráiró	(ancient) pilgrim, one who took a journey of discovery; (premodern) broadly educated adult; (modern) trustworthy person, good fellow	pilgrim, master, doctor, adult, fellow		FALSE
TRUE	noun (inanimate)	ɾã.lø̃l	rálól	north, northern polar region	north		FALSE
TRUE	adjective	ɾa.mə	ramy	bristly, frizzy, with hairs sticking out; confused, cautious, upset	bristly, frizzy, unkempt, confused, cautious, upset		FALSE
TRUE	noun (animate)	ɾã.nəl	rányl	pupil, apprentice, successor	pupil, apprentice, successor		FALSE
TRUE	noun (inanimate)	ɾa.sy.ɾy	rasuru	urine, liquid bodily waste (technical term)	urine		FALSE
TRUE	adjective	ɾaw.bəɸ	raubyf	linear, thin like a thread, one-dimensional	thin, line, linear, 1d, one-dimensional		FALSE
TRUE	noun (inanimate)	ɾe	re	bowl, dish	bowl, dish		FALSE
TRUE	noun (inanimate)	ɾeː	ree	the phoneme /ɾ/ and the matching letter	/ɾ/, r	letters	FALSE
TRUE	verb (transitive)	ɾẽː	rée	steer, ride, drive, pilot, travel using	steer, ride, drive, pilot		FALSE
TRUE	verb (transitive)	ɾeːs	rees	end, finish, fulfill, complete (event or action), abolish (rule)	end, finish, fulfill, complete		FALSE
TRUE	noun (inanimate)	ɾẽj	réi	star	star		FALSE
TRUE	adjective	ɾej.lə	reily	medium-age (since installation or discovery), average new/old	medium-age, new, old		FALSE
TRUE	verb (intransitive)	ɾe.mø̃	remó	(of action) take long, last long, occupy time, remain relevant in a large window	take long, last long, occupy time		FALSE
TRUE	adjective	ɾe.ɲəʎ	rennyll	fictitious, fake, false, ad hoc, defined into existence, without experiential basis (vulgar)	fictitious, fake, false, ad hoc		FALSE
TRUE	verb (transitive)	ɾẽs	rés	fold, stow, furl (of door/hatch: open)	fold, stow, furl, open		FALSE
TRUE	noun (inanimate)	ɾe.te.ta.ɾa	retetara	(alien loan term) violence, warfare, antagonism	violence, war, warfare, antagonism, attack		FALSE
TRUE	noun (inanimate)	ɾe.tøl	retol	any of a family of flowers where the divisions between petals reach far down; (name) Bromi	bromi	names, plants	FALSE
TRUE	verb (transitive)	ɾẽw.ɾeː	réuree	ask for, request, order	ask, request, order		FALSE
TRUE	noun (inanimate)	ɾẽ.ʙi	révi	aircraft, flying vehicle (historically balloons and suborbital airships, now solid-state drones pushed by ionised air)	aircraft, balloon, airship, airplane, spaceplane		FALSE
TRUE	verb (intransitive)	ɾi.dy	ridu	disappear, vanish, shake (pursuer); become lost	disappear, vanish, hide, lose, lost		FALSE
TRUE	noun (inanimate)	ɾi.ɸy	rifu	slice, perpendicular section (from something cylindrical, so usually circle-shaped); circle of longitude	slice, longitude		FALSE
TRUE	noun (animate)	ɾiː	rii	author (of a message), sender, poster	author, sender, poster		FALSE
TRUE	numeral	ɾiː.cəl	riicyl	7776 (6^5)	7776 (6^5)		FALSE
TRUE	numeral	ɾiː.cəː	riicyy	7776 (6^5, connective form)	7776		FALSE
TRUE	adjective	ɾiʎ.ɕi	rillxi	a medium distance away	medium-distance, far, near		FALSE
TRUE	noun (inanimate)	ɾi.løː.ɲy	riloonnu	a type of single-celled algae that lives in shallow ponds and hot springs; (name) Melorae	melorae	names, plants	FALSE
TRUE	noun (inanimate)	ɾi.ləs	rilys	tube, pipe, plumbing; (blood) vessel	tube, pipe, plumbing, vessel		FALSE
TRUE	adjective	ɾi.møʎ	rimoll	half-ripe, partly mature	half-ripe, mature, immature		FALSE
TRUE	noun (inanimate)	ɾi.məː	rimyy	statue, sculpture, bust	statue, sculpture, bust, art		FALSE
TRUE	verb (transitive)	ɾi.nə	riny	let fit, let pass; recognise, accommodate, welcome, be there when navigated to (as a static landmark does to a traveller)	permit, let pass, recognise, accommodate, welcome		FALSE
TRUE	verb (intransitive)	ɾi.ɾaː	riraa	sway, wave, swing, flap, move back and forth (like a plant in the wind)	sway, wave, swing, flap		FALSE
TRUE	adjective	ɾi.ɾaː.ləɾ	riraalyr	(problem, situation, thought) hopeless, horrific, paralysing, which makes a Nomai flap their ears in distress	hopeless, horrific, paralysing		FALSE
TRUE	interjection	ɾi.ɾi	riri	a type of laughter (controlled, youthful, mischievous: "mrrp")	laugh, laughter		FALSE
TRUE	conjunction (clause)	ɾi.ʙẽ	rivé	when, while, at the same time as	when, while, time		FALSE
TRUE	adjective	ɾøj	roi	female (of the Nomai body/brain variant that usually has a womb, or whichever variant carries the offspring most closely in unrelated trees of life)	female		FALSE
TRUE	noun (inanimate)	ɾøʎ.ca	rollca	screen, monitor, display	screen, monitor, display		FALSE
TRUE	noun (inanimate)	ɾøː.ɾẽɸ.sãː	rooréfsáa	skill, habituation, discipline, artform	skill, habituation, discipline, artform		FALSE
TRUE	verb (intransitive)	ɾø̃ː.ʙø	róovo	wander, meander, tour; (archaic) graze without pattern, going to the next best plant in sight	wander, meander, tour		FALSE
TRUE	noun (animate)	ɾøːɕ.sə	rooxsy	librarian, archivist	librarian, archivist		FALSE
TRUE	noun (inanimate)	ɾø̃s.ɲiw	rósnniu	spice, seasoning, flavouring	spice, seasoning, flavouring		FALSE
TRUE	verb (intransitive)	ɾø̃s.ɾø	rósro	have an orgasm	orgasm		FALSE
TRUE	adjective	ɾø.ʙø	rovo	savoury, umami, protein-flavoured (one of five basic tastes, most Nomai like umami instinctively); pleasant, beloved, adorable	savoury, umami, pleasant, beloved, adorable		FALSE
TRUE	adjective	ɾy.da.ʙi	rudavi	medium-flexibility, average rigid/bendy	medium-flexibility, rigid/bendy		FALSE
TRUE	noun (inanimate)	ɾy.mi	rumi	(floor or wall) tiling; lattice, grid; pattern, print	tile, tiling, lattice, grid, pattern, print		FALSE
TRUE	noun (inanimate)	ɾy.mi pø.ʙaɕ.ʙyː.mã	rumi povaxvuumá	gravity tile	gravity tile		FALSE
TRUE	noun (inanimate)	ɾy.mi.sø	rumiso	molecule	molecule		FALSE
TRUE	interjection	ɾyɾ	rur	(onomatopoeia) sudden, periodic, high-pitched sound: chirp, beep, ping	chirp, beep, ping		FALSE
TRUE	noun (inanimate)	ɾy.ɾø	ruro	nostril, nose hole (often used in dual where a human would say "nose")	nostril, nose		FALSE
TRUE	conjunction (clause)	ɾə	ry	and, while (simultaneously or without defined order)	and, while		FALSE
TRUE	verb (transitive)	ɾə̃.cy	rýcu	watch, follow, observe, keep track of	watch, follow, observe, track		FALSE
TRUE	noun (animate)	ɾə̃.cy.ndə	rýcundy	(science) observer	observer		
TRUE	adjective	ɾə̃.ɸə	rýfy	(of environment) mild, safe, hospitable	mild, safe, hospitable		FALSE
TRUE	adjective	ɾə.jøː	ryjoo	few, little, small amount	few, little, small amount		FALSE
TRUE	verb (transitive)	ɾə.ʎil	ryllil	stir, mix, agitate; (done to person) stop in their tracks, knock to their senses	stir, mix, agitate		FALSE
TRUE	verb (intransitive)	ɾə.møːs	rymoos	eradicate, eliminate, purge, make extinct	eradicate, eliminate, purge, extinct		FALSE
TRUE	adjective	ɾə.sẽ.cã	rysécá	poisonous, hazardous, toxic	poisonous, hazardous, toxic		FALSE
TRUE	noun (inanimate)	ɾə.te.ca	ryteca	note, memo, label, informal text stored locally in a room or staff	note, memo, label		FALSE
TRUE	noun (inanimate)	ɾə.tə̃l	rytýl	leafy plant, any plant that is fully soft or edible	leafy plant		FALSE
TRUE	verb (transitive)	ɾə̃‍.‍wø̃	rý‍‍wó	conclude, finish an inference about, write into the state of the science, accept	conclude, infer, record, write, accept		FALSE
TRUE	noun (inanimate)	ɾəː	ryy	pulp, starch, fruit flesh; core, essence, point, significant part	pulp, starch, fruit flesh; core, essence, point		FALSE
TRUE	verb (intransitive)	ɾəː.ʎãɸ	ryylláf	hold true, be (factually) correct/right	true, correct, right		FALSE
TRUE	noun (animate)	saː.jə	saajy	victim, casualty, someone who suffered	victim, casualty		FALSE
TRUE	pronoun	sa.bã	sabá	we, me and him/her/it, pronoun for a group made of the speaker and one animate being who is in focus	we, us, exclusive		FALSE
TRUE	pronoun	sa.bã.wã	sabáwá	we, me and those two, pronoun for a group made of the speaker and two animate beings who are in focus	we, us, exclusive		FALSE
TRUE	noun (inanimate)	sã.cø̃ɬ	sácóhl	a thorny seed, like those of a thistle; (name) Bur	bur	names, plants	FALSE
TRUE	pronoun	sa.diː	sadii	we, me and all of you, pronoun for a group made of the speaker and three or more listeners	we, us, inclusive		FALSE
TRUE	noun (inanimate)	saɸ	saf	wind, airflow	wind, airflow		FALSE
TRUE	adjective	sãɸ.bø	sáfbo	absent, missing, nonexistent	absent, missing, nonexistent		FALSE
TRUE	pronoun	sa.ɸjøː	safjoo	we, the two of us, pronoun for a group made of the speaker and the one listener	we, us, inclusive		FALSE
TRUE	pronoun	sa.ɸjø.ɕøː	safjoxoo	we, the three of us, pronoun for a group made of the speaker and the two listeners	we, us, inclusive		FALSE
TRUE	verb (intransitive)	sa.ɸy	safu	cuddle, lie intertwined (originally defense against cold nights, now expression of goodwill)	cuddle, intertwine		FALSE
TRUE	noun (inanimate)	sa.ɸə	safy	powder, flour, granular substance	powder, flour, granular		FALSE
TRUE	adjective	sa.ɸəs.ce	safysce	(of rock) sedimentary, made of compacted dust	sedimentary		
TRUE	pronoun	sal	sal	me, speaker, 1S, first-person singular pronoun	I, me		FALSE
TRUE	adjective	sãʎ.ɾyː	sállruu	many, numerous, multiple, several	many, numerous, multiple, several		FALSE
TRUE	pronoun	sa.mẽː	samée	we, me and him/her/it, pronoun for a group made of the speaker and one animate being who are not in focus	we, us, exclusive		FALSE
TRUE	pronoun	sa.mẽw	saméu	we, me and those two others, pronoun for a group made of the speaker and two animate beings who are not in focus	we, us, exclusive		FALSE
TRUE	adjective	sa.naː	sanaa	bald, bare-skinned, cropped, shaven	bald, bare-skinned, cropped, shaven		FALSE
TRUE	pronoun	sa.pej	sapei	we, me and them, pronoun for a group made of the speaker and three or more animate beings who are in focus	we, us, inclusive		FALSE
TRUE	verb (transitive)	sa.pjel	sapjel	wash, clean, decontaminate (related to safy 'powder')	wash, clean, decontaminate		FALSE
TRUE	noun (inanimate)	saɾ	sar	(mountain) pass, canyon, long narrow valley; slit, slot, groove	mountain pass, canyon, slit, slot, groove		FALSE
TRUE	noun (inanimate)	saɾ cʎə̃ː.ʙyː.mã	sar clýyvuumá	pupil (of an eye), aperture	pupil, aperture	body, technology	FALSE
TRUE	noun (inanimate)	saɾ.ci.lãː	Sarciláa	(place name) Ember Twin (compound of sar 'canyon' + ciláa 'burn')	ember twin	placenames	FALSE
TRUE	verb (intransitive)	saɾ.ti	sarti	(of plant) propagate (appear elsewhere by growing new sprouts from a distant root); teleport, travel by black-white hole pair	propagate, teleport		FALSE
TRUE	pronoun	sa.syː	sasuu	we, me and the other ones, pronoun for a group made of the speaker and three or more animate beings who are not in focus	we, us, inclusive		FALSE
TRUE	noun (inanimate)	sa.tã	satá	woody plant, any plant where not all above-ground parts are soft or edible	woody plant		FALSE
TRUE	noun (inanimate)	se	se	the phoneme /s/ and the matching letter	/s/, s	letters	FALSE
TRUE	conjunction (clause)	seːɸ	seef	actually, instead, scratch that (corrects one's own misspeaking in speech, or anyone's in writing)	actually, instead, scratch that		FALSE
TRUE	interjection	seːj	seei	(onomatopoeia) sustained, periodic, high-pitched sound: screech, whine, whistle	screech, whine, whistle		FALSE
TRUE	verb (transitive)	seɬ	sehl	touch; press, push, click, activate	touch, press, push, click, activate		FALSE
TRUE	adjective	sẽ.hyɬ	séhuhl	medium-toughness, average amount of resistance	medium-toughness		FALSE
TRUE	noun (inanimate)	sẽj.cil	séicil	land vehicle (originally sled or cart, now usually antigravity platform)	land vehicle, sled, cart		FALSE
TRUE	noun (inanimate)	sel.ja	selja	moss, especially a species that grew on the Nomai homeworld in predictable patterns; fallback, baseline, very reliable if tedious method; (name) Bryoph (idiom, used as a stand-in for as-yet undecided person: "someone" as in "someone will calibrate this machine later)	moss, bryoph, fallback, baseline, reliable	names, plants	FALSE
TRUE	noun (inanimate)	sel.maɾ	selmar	foundation, basement (slab of rock wedged into loose soil to start a sturdy building, often partly hollow underneath); platform, pad, podium, reinforced place for someone or something to stand	foundation, basement, platform, pad, podium		FALSE
TRUE	verb (transitive)	seɾ.dyː	serduu	explain (communicate an explanation of), make understood in the moment	explain		FALSE
TRUE	noun (inanimate)	seɾ.ni	serni	iron (element, related to sar 'mountain pass')	iron		FALSE
TRUE	noun (inanimate)	sẽ.tə̃ː	sétýy	mass (technical term, more like 'inertia' than 'weight')	mass, inertia		FALSE
TRUE	noun (animate)	sew	seu	great-grandmother (via female line)	great-grandmother, great grandmother, grandmother	family	FALSE
TRUE	noun (inanimate)	sẽw	séu	pane, panel, sheet	pane, panel, sheet		FALSE
TRUE	particle	si	si	quote, marks a sequence of words as repeated verbatim and inflects on its behalf as a noun phrase	quote, unquote, untranslatable		FALSE
TRUE	verb (transitive)	si.bɾi.mi	sibrimi	blame, implicate, accuse	blame, implicate, accuse	social	FALSE
TRUE	verb (intransitive)	si.həɾ	sihyr	fall over, topple, trip, slip	fall, topple, slip		FALSE
TRUE	verb (transitive)	siːɬ	siihl	live, not have died yet	live		FALSE
TRUE	verb (intransitive)	si‍.‍nø	si‍‍no	be lonely, feel stranded, be missing the presence of a herd	lonely, stranded	sensations	FALSE
TRUE	adverb	siɾ.ta.tẽːɬ	sirtatéehl	minimally, to the least extent possible	minimally, least		FALSE
TRUE	noun (animate)	si.wa	siwa	friend, also used about occupants of the same vehicle or other shared purpose 	friend		FALSE
TRUE	numeral	smø̃jɾ	smóir	five	five		FALSE
TRUE	numeral	smø̃ː	smóo	five (connective form)	five		FALSE
TRUE	adverb	sməɾ	smyr	temporarily, reversibly, in a way that can be undone; kind of, a little (downplays what it modifies)	temporarily, reversibly, kind of, a bit, a little		FALSE
TRUE	verb (transitive)	sna	sna	{agent} align, match, fit to {experiencer}	align, match, fit		FALSE
TRUE	noun (inanimate)	sne.paɸ	snepaf	colour, chromaticity, surface texture, interaction with light (traditionally also including transparency and sharpness of reflection)	colour, color, surface, texture		FALSE
TRUE	adverb	sniː	snii	much, very, a lot (general intensifier for verbs and adjectives)	much, very, lot, a lot, really		FALSE
TRUE	noun (inanimate)	snə	sny	wing, fin; fan, bellows; radiator	wing, fin, fan, bellows, radiator		FALSE
TRUE	verb (transitive)	sø̃.cy	sócu	protect, keep, preserve (prototype: store a living plant in a pot, water it, and put up a screen against wind)	protect, keep, preserve		FALSE
TRUE	interjection	søɬ	sohl	response to greeting on sight, accepting request for conversation; hello, yes, let's talk	greeting, greetings, hi, hello		FALSE
TRUE	verb (transitive)	sø̃j.mã	sóimá	point out, show, demonstrate	point, show, demonstrate		FALSE
TRUE	noun (inanimate)	sø.jøː	sojoo	line, port, feed, loop, stream, source of information (especially real-time or capable of interrupting other things)	line, port, feed, loop, stream, source		FALSE
TRUE	noun (inanimate)	sø̃ː.høː	sóohoo	table, desk	table, desk		FALSE
TRUE	noun (inanimate)	sø̃ː.nãː	sóonáa	dialect, parlance, turn of phrase, slang, cant (of a community)	dialect, parlance, turn of phrase, slang, cant		FALSE
TRUE	noun (inanimate)	sø̃ː.ɾeɬ	sóorehl	stair, ramp, artificial slope	stair, ramp, slope		FALSE
TRUE	noun (inanimate)	søɾ.dø	sordo	food, dish, ration, meal (as physical item)	food, dish, ration, meal		FALSE
TRUE	noun (inanimate)	sø.ti	soti	building, structure, installation	building, structure, installation		FALSE
TRUE	noun (animate)	sø̃.wẽː	sówée	sibling of a parent; (archaic) sibling of a parent, but not mother's sister	sibling of a parent, sibling, aunt, uncle		FALSE
TRUE	pronoun	sɾãː	sráa	we, all of us, everyone (here), pronoun for a group made of the speaker, the listener, and some third party or parties, 1P	we, us, all, everyone		FALSE
TRUE	noun (animate)	sɾaɸ	sraf	status, connectedness, contribution, knowability, that which measures the health of a Nomai social network	status, health, connectedness, contribution, knowability		FALSE
TRUE	noun (inanimate)	sɾẽ	sré	number (mathematical concept), real number (single axis, continuous scale, possibly negative)	number		FALSE
TRUE	noun (inanimate)	sɾe.bã.he	srebáhe	a type of long-lived shrub with a fleshy root; (name) Coleus	coleus	names, plants	FALSE
TRUE	noun (animate)	sɾi.dsi	sridsi	monster, tyrant, sadist, one who takes pleasure in cruelty	monster, tyrant, sadist		FALSE
TRUE	verb (transitive)	sɾiː	srii	wait for, await, keep watch for	wait, wait for, await, watch		FALSE
TRUE	verb (intransitive)	sɾəː	sryy	climb, clamber, tiptoe, move carefully or in difficult terrain	climb, clamber, tiptoe		FALSE
TRUE	particle	sy	su	mandatory first element of a place name, inflects on behalf of the name (but neither this nor any other part inflects for specificity)	untranslatable, place, name		FALSE
TRUE	noun (inanimate)	sy.haɾ	suhar	pool, cistern, fountain (once used to collect rain, later as part of Vessel water cycle management)	pool, cistern, fountain		FALSE
TRUE	noun (inanimate)	sy.haɾ ɬø.tə.mø̃	suhar hlotymó	projection pool, telepresence interface	projection pool, projection, pool, telepresence		FALSE
TRUE	noun (animate)	sy.hi.mi	suhimi	compatriot, clan-mate	compatriot, clan-mate, clan		FALSE
TRUE	adjective	syj.ɾe	suire	broken-down, worn-out, ruined, spent	broken, worn, ruined, spent		FALSE
TRUE	adjective	sy.jyː	sujuu	tiny, microscopic	tiny, microscopic		FALSE
TRUE	adjective	sy.jyː.ɕiɾ	sujuuxir	macroscopic, everyday scale	macroscopic		FALSE
TRUE	verb (transitive)	sy‍ʎ	su‍ll	detach, take off; (of limb etc) cause to lose	detach, take off, lose		FALSE
TRUE	verb (intransitive)	sy.ɾẽ	suré	be horny, experience libido	horny, libido		FALSE
TRUE	pronoun	syː	suu	they, the other ones, three or more beings contrasted with the one(s) in focus, 3P.OBV.AN, third-person obviative animate plural	they, them		FALSE
TRUE	adjective	swãːʎ.ɬẽw	swáallhléu	complex, complicated, intricate, involved, with many components 	complex, complicated, intricate, involved		FALSE
TRUE	verb (transitive)	swa.ndi	swandi	research, study, investigate	research, develop	science	FALSE
TRUE	verb (transitive)	swa.ɾi	swari	{agent} nourish {experiencer}, be healthy to (especially in the sense of being energy-dense enough to support the brain); fertilise; {experiencer} be well, be safe, have a stable life	nourish, healthy, fertilise, well, safe, stable		FALSE
TRUE	adverb	sweː	swee	in turn, in return, for one's own part, in exchange	turn, return, in turn, in return, exchange, in exchange, part		FALSE
TRUE	noun (inanimate)	swi	swi	thing, entity, object (including lifeforms), that which exists	thing, entity, object		FALSE
TRUE	noun (inanimate)	sə	sy	eye, any organ that detects variations of light across a cone, camera; prototype: Nomai lower eye	eye, lower eye, camera, sensor		FALSE
TRUE	verb (intransitive)	sə.cãː	sycáa	be hoped for, be desirable even if unlikely; {observer} sycáa {experiencer} = {observer} hopes for {experiencer}, {observer} wants and prepares to interact with {experiencer}	hope, be hoped, hope for, desirable, want		FALSE
TRUE	adjective	sə̃.dəɬ	sýdyhl	short, stubby, squished-shape, low-aspect-ratio	short, stubby, squished, aspect		FALSE
TRUE	noun (inanimate)	səɸ.pẽː	syfpée	saw, garden multitool (in Vessel times, usually with an elliptical ceramic blade that can both spin and vibrate)	saw, cutter		FALSE
TRUE	noun (inanimate)	sə.na.ɾøj	synaroi	location, position (as transient property of an object), that which is represented by coordinates	location, position, coordinates		FALSE
TRUE	noun (animate)	sə.neɬ	synehl	family, house-sized social unit	family		FALSE
TRUE	noun (inanimate)	sə̃ːɕ	sýyx	(piece of) poop, crap; bodily wastes in general (casual or vulgar word)	poop, crap, shit		FALSE
TRUE	particle	ta	ta	before a clause, marks it as conditional mood (counterfactual as in both halves of "if I was a star, I would explode")	conditional, counterfactual, if, would		FALSE
TRUE	verb (transitive)	taːj.taːj	taaitaai	hyperfocus on, pay sole attention to, be engrossed with	hyperfocus, attention, engrossed		FALSE
TRUE	noun (inanimate)	tãː.ʙẽj	táavéi	milk (from a mammal, note: Nomai adults cannot digest milk)	milk		FALSE
TRUE	verb (intransitive)	tãː.ʙø̃	táavó	gesture, pose, move the body meaningfully	gesture, pose, move		FALSE
TRUE	verb (intransitive)	tã.cə̃	tácý	march, stride, stomp, move intensely on foot	march, stride, stomp		FALSE
TRUE	noun (inanimate)	ta.diːw	tadiiu	a type of leafy groundcover, resembling a fern; (name) Filix	filix	names, plants	FALSE
TRUE	verb (intransitive)	ta.dø	tado	wilt, wither, dry out, crumple up; die; (of information) become unverifiable, become the sole known source on a topic; (of number) decrease, taper out	wilt, wither, dry, crumple, decrease, taper		FALSE
TRUE	verb (transitive)	ta.ɸẽ	tafé	{agent} meditate/reflect on {experiencer}, {agent} worship {experiencer}	meditate, reflect, worship		FALSE
TRUE	verb (transitive)	taɸ.ɾãː	tafráa	accept (as existing or as its own phenomenon), believe in, take as truth, take into account, use as part of one's best explanations	accept, believe, believe in, take as truth, account, account for, take into account		FALSE
TRUE	adjective	taɬ	tahl	bountiful, fertile, rich in vegetation; (of number) high, great	bountiful, fertile, rich, vegetation, high, great		FALSE
TRUE	verb (transitive)	tã.hy	táhu	call to, summon, invite	call, summon, invite		FALSE
TRUE	noun (inanimate)	taj.li	taili	direction, heading; pitch (of screw or threaded shape); (archaic) loop-count, thickness, width (when weaving a cord around an object or through a hole)	direction, heading; pitch, thickness, width		FALSE
TRUE	noun (inanimate)	tãl	tál	neck (front and back)	neck		FALSE
TRUE	noun (inanimate)	ta.lə̃ɬ	talýhl	a type of shrub with light-coloured flowers and dark berries; (name) Privet	privet	names, plants	FALSE
TRUE	noun (inanimate)	ta.nas	tanas	interior wall, space-divider, (especially) writable interactive wall	wall, divider, scroll wall, text wall, spiral wall, board, blackboard, whiteboard		FALSE
TRUE	noun (inanimate)	ta.piɬ	tapihl	tuber, bulb, any (chiefly edible) plant of a category vaguely analogous to Earth potatoes, tomatoes and eggplants; (name) Solanum	solanum	names, plants	FALSE
TRUE	noun (inanimate)	tã.pə̃ɸ	tápýf	noise, chaotic signal, random component	noise, chaos, chaotic, random, randomness		FALSE
TRUE	verb (transitive)	tãs.mei	tásmei	{experiencer} rest, take a break; {agent} support {experiencer} during rest	rest, break		FALSE
TRUE	numeral	tã.wã.mø	táwámo	one 216th part (6^-3)	216th, 6^-3		FALSE
TRUE	noun (inanimate)	te	te	the phoneme /t/ and the matching letter	/t/, t	letters	FALSE
TRUE	noun (inanimate)	tẽ.cẽː	técée	bed, bunk, Nomai sleeping rack	bed, bunk, rack		FALSE
TRUE	noun (inanimate)	te.cy	tecu	a type of tree-climbing vine with intense patterned flowers; (name) Clem	clem	names, plants	FALSE
TRUE	numeral	teː	tee	1296 (6^4, connective form)	1296		FALSE
TRUE	verb (transitive)	tẽːɬ	téehl	(agent) be related to (experiencer), be linked to, connect with, have to do with; (experiencer) be relevant, be notable, be significant, be consequential	relate, related, link, linked, connect, connected, relevant, notable, significant, consequential		FALSE
TRUE	noun (inanimate)	tẽːʎ.wi	téellwi	a specific game with simple rules, played on a binary grid, similar to Go combined with a cellular automaton	game, tabletop, board game, boardgame, Go		FALSE
TRUE	noun (inanimate)	tẽːw	téeu	cob, ear (of grain), arrangement of spheres around a cylinder (especially spiraling); grain, crop, type of grass bred for nutritious seeds	grain, crop, cob, ear		FALSE
TRUE	verb (transitive)	teːɕ	teex	harvest (by picking loose parts like fruit and berries); get benefit from	harvest, pick, benefit		FALSE
TRUE	noun (inanimate)	tẽɸ.ɲa	téfnna	plate, coaster, tray, platter, flat food-safe item	plate, coaster, tray, platter		FALSE
TRUE	numeral	teɬ	tehl	1296 (6^4)	1296, 6^4		FALSE
TRUE	adjective	teɬ.seɾ	tehlser	clean, hygienic; pure, concentrated (chemical); bare, plain, unadorned	clean, hygienic, pure, concentrated, bare, plain, unadorned		FALSE
TRUE	noun (animate)	tej.faː	teifaa	(alien studies) pet, familiar, mascot	pet, familiar, mascot		FALSE
TRUE	adverb	tel	tel	as much, equally, the same amount	as much, equally, same amount		FALSE
TRUE	noun (inanimate)	te.la	tela	flesh, meat (of animal or Nomai)	flesh, meat		FALSE
TRUE	adjective	te.lis	telis	(person) stable, wise, self-regulated; (tool) advanced, smart, adaptive, responsive	stable, wise, self-regulated, advanced, smart, adaptive, responsive		FALSE
TRUE	adverb	te.løs	telos	horizontally, level, in a flat direction	horizontal, horizontally, level, flat	spatial	FALSE
TRUE	verb (transitive)	te.‍ɲa	te‍nna	attract, entice, lure	attract, entice, lure		FALSE
TRUE	adjective	teɾ	ter	black, a dark desaturated colour-term	black, dark, desaturated		FALSE
TRUE	noun (inanimate)	tẽ.tɬə	tétly	a type of hardy woody shrub with an edible starch-rich root; (name) Cassava	cassava	names, plants	FALSE
TRUE	adjective	tew	teu	whole, tidy, in one piece, in good integrity, holding up well	whole, tidy, intact, integrity		FALSE
TRUE	verb (transitive)	tew.ʙəɾ.miː	teuvyrmii	ferment, pickle, age	ferment, pickle, age		FALSE
TRUE	verb (transitive)	te.weʎ	tewell	pull, stretch, hold under tension	pull, stretch, tension		FALSE
TRUE	verb (transitive)	te.ɕə	texy	value, cherish, consider precious, be fond of	value, cherish, precious		FALSE
TRUE	verb (transitive)	ti.caː	ticaa	sculpt, knap, drill, machine, subtractively manufacture	sculpt, knap, drill, machine, manufacture		FALSE
TRUE	verb (transitive)	tiɬ	tihl	drink, suck (prototype: mammal from spring, or root from rain)	drink, suck		FALSE
TRUE	noun (inanimate)	tiː.de	tiide	trace, print, remnant, clue	trace, print, remnant, clue		FALSE
TRUE	noun (inanimate)	tiːl	tiil	pen, wand, pointer, handheld tool for sketching and gesturing	pen, wand, pointer	tools, objects	FALSE
TRUE	noun (animate)	ti.‍ɲci	ti‍nci	great-granddaughter (not via female line)	great-granddaughter, great granddaughter, granddaughter	family	FALSE
TRUE	noun (animate)	tɬaːj	tlaai	great-granddaughter (via female line)	great-granddaughter, great granddaughter, granddaughter		FALSE
TRUE	verb (transitive)	tɬaɾ	tlar	break, crush, destroy	break, crush, destroy		FALSE
TRUE	adjective	tɬẽːɾ.da	tléerda	(of sentient or mechanical entity) stuck, looping, blinded, unable to integrate new sensory input; strong expletive	stuck, looping, blinded		FALSE
TRUE	verb (transitive)	tɬe.ɸəj	tlefyi	scare, make or keep afraid, {experiencer} fear {agent}	scare, fear, afraid		FALSE
TRUE	verb (transitive)	tɬew	tleu	{experiencer} die; {experiencer} die of {agent}; {agent} kill {experiencer}	die, kill		FALSE
TRUE	pronoun	tɬi.ɾy	tliru	that (thing, being, or situation close to or mentioned by listener)	that		FALSE
TRUE	adjective	tɬi.wiː	tliwii	static, motionless; poor, pitiable, eliciting sympathy	static, motionless, poor, pitiable		FALSE
TRUE	conjunction (phrase)	tɬø	tlo	or (exclusive, accepting one option of many)	or, xor		FALSE
TRUE	determiner	tɬy	tlu	that (near you), determiner deictic for things near listener	that		FALSE
TRUE	noun (inanimate)	tɬə	tly	face, front and top of the head (including ears and antlers), body part where individuals are most recognisable	face, front	body	FALSE
TRUE	adjective	tø.de	tode	white, a bright desaturated colour-term	white, bright, desaturated	colours	FALSE
TRUE	noun (inanimate)	tøʎ	toll	pot, vase, planter; (endearingly) cot, child's bed	pot, vase, planter, cot, bed	objects	FALSE
TRUE	noun (inanimate)	tø.ʎẽ	tollé	left side, left flank	left, side, flank	spatial	FALSE
TRUE	noun (animate)	tø̃.ɲã	tónná	game, pastime (originally structured conversation, now also story-driven interactive entertainment)	game, pastime		FALSE
TRUE	verb (transitive)	tø.ɲãː	tonnáa	notice, spot, detect, perceive, sense	notice, spot, detect, perceive, sense		FALSE
TRUE	noun (animate)	tø.ɲa.sø	tonnaso	guard, lookout, security specialist; attendant, supervisor (to an experiment, calculation, etc)	guard, lookout, security, attendant, supervisor		FALSE
TRUE	noun (inanimate)	tøː.ɾaː.hø̃ː	tooraahóo	synthetic unstable radioactive element	synthetic, unstable, radioactive, element	materials	FALSE
TRUE	noun (inanimate)	tø̃ː.tãː	tóotáa	heated solidified plant oils, roughly analogous to brittle types of plastic and thin glass	plastic, glass	materials	FALSE
TRUE	adjective	tø̃.py	tópu	orange, yellow, greenish yellow (colour detected by a Nomai lower eye's second cone cell)	yellow, green	colours	FALSE
TRUE	noun (animate)	tø.ɾej	torei	personality, nature, essence	personality, nature, essence		FALSE
TRUE	noun (inanimate)	tø̃s	tós	button, key, interactive element that activates on touch and deactivates on release	button, key, switch		FALSE
TRUE	verb (intransitive)	tɾãːʎ	tráall	be straight, be linear, be extended; stand tall (so as to look far)	straight, linear, extended, stand, tall		FALSE
TRUE	noun (inanimate)	tɾãː.mø̃	tráamó	type of flower that opens in the evening, highly toxic, sometimes used psychoactively; (name) Datura	datura	names, plants	FALSE
TRUE	adjective	tɾeːw	treeu	curious, intriguing, which might hint at something learnable	curious, intriguing, fascinating	science	FALSE
TRUE	particle	tɾi	tri	before a clause, introduces it as a direct quote complement to a verb of belief or communication, like the colon in "Solanum thought: How curious!"	untranslatable, quote		FALSE
TRUE	noun (animate)	tɾiw	triu	daughter, female offspring; offspring in general; sequel, successor	daughter, offspring, sequel, successor	family	FALSE
TRUE	noun (inanimate)	tɾy	tru	rest, remainder, other part; (archaic) audience, reviewers	rest, remainder, other, remaining, audience, reviewer, reviewers		FALSE
TRUE	numeral	tsaː	tsaa	six (6^1, connective form)	six		FALSE
TRUE	adjective	tsaɬ	tsahl	compact, blocky; shaped like an ingot, bar, or squished cylinder (common form to store materials); unused, in reserve, in waiting	compact, blocky, ingot, bar, unused, reserve, raw		FALSE
TRUE	noun (inanimate)	tsaj.ce	tsaice	fallacy, misapplication of logic; (strong expletive) fuck, shit	fallacy, fuck, shit	science	FALSE
TRUE	verb (intransitive)	tsajɬ	tsaihl	cry, weep, wail	cry, weep, wail	social	FALSE
TRUE	numeral	tsaw.lə	tsauly	six (6^1)	six, 6		FALSE
TRUE	verb (transitive)	tseːl	tseel	continue, keep doing, go on	continue, keep		FALSE
TRUE	verb (transitive)	tseɬ	tsehl	harvest (by cutting, crushing, or biting)	harvest, cut	farming	FALSE
TRUE	determiner	tsẽw	tséu	some, certain, one of, a number of	some, certain		FALSE
TRUE	interjection	tsi	tsi	(onomatopoeia) sudden, chaotic, high-pitched sound: click, tick	click, tick		FALSE
TRUE	interjection	tsiɸ	tsif	no, that's false (someone asked a closed question in the positive and I deny the statement)	no		FALSE
TRUE	noun (inanimate)	tsiː.tsyː	tsiitsuu	(archaic) seesaw, scales, balance beam; (modern) equation, formula, math expression	equation, formula, math, mathematics, expression	science	FALSE
TRUE	adverb	tsø	tso	more, a greater amount	more		FALSE
TRUE	adjective	tsøl	tsol	bad, shoddy, ill-suited, unfinished, poor	bad, shoddy, ill-suited, unfinished, poor		FALSE
TRUE	verb (transitive)	tsøː	tsoo	launch, shoot, deploy (what gravity cannons do to shuttles and what vessels do to escape pods); (of a plant) shed, spread (seeds or pollen, without dying)	launch, shoot, deploy, shed, spread	technology	FALSE
TRUE	noun (inanimate)	tsøː.tɬə	tsootly	(archaic) spreading, spilling; (modern) causality, temporal asymmetry, the arrow of time	causality, asymmetry, time	science	FALSE
TRUE	noun (inanimate)	tsy	tsu	gap, space, margin, tolerance	gap, space, margin, tolerance		FALSE
TRUE	noun (inanimate)	tsy.ci	tsuci	mechanic, dynamic (in space or analogous volume), dynamics rule, type of interaction, (nonspecific form) physics, mechanics	mechanic, dynamic, physics, mechanics, interaction, rule	science	FALSE
TRUE	adjective	tsy.dø	tsudo	next, subsequent, following	next, subsequent, following		FALSE
TRUE	noun (inanimate)	tsyɬ	tsuhl	N, X, an unknown or varying number (derived from tsu 'gap')	n, x, unknown		FALSE
TRUE	adverb	tsyj.ɬə	tsuihly	irreversibly, permanently, forever	irreversibly, permanently, forever		FALSE
TRUE	noun (inanimate)	tsy.nde	tsunde	apoapsis, most distant point of an orbit; lull, stagnation, calm period; (archaic) peak, highest point; success, prosperity, competitiveness	apoapsis, distant, farthest, furthest, lull, stagnation, calm	science	FALSE
TRUE	noun (inanimate)	tsy.nə	tsuny	Nth, Xth, an unknown or varying ordinal number (derived from tsu 'gap')	nth, xth, n, x, unknown		FALSE
TRUE	verb (transitive)	tsyː	tsuu	{agent} consist of, be made of {experiencer}, {experiencer} be component/material of {agent}; (without agent) matter, belong, be depended on	consist, made, matter, belong, depend		FALSE
TRUE	adjective	tsyː.mja	tsuumja	useful, usable, handy, nifty, exploitable	useful, usable, handy, nifty, exploitable		FALSE
TRUE	noun (inanimate)	ty.ty	tutu	bubble, droplet (mobile region of one substance surrounded by another)	bubble, droplet		FALSE
TRUE	verb (transitive)	twã	twá	{agent} gain social right to use or control {experiencer}, convince others to give, persuade someone for, trade favours with someone to obtain; (alien studies) buy	convince, persuade, gain, right	social	FALSE
TRUE	noun (inanimate)	twã.ɸi	twáfi	(art of) persuasion, (practice of) argument; politics	persuasion, argument, politics	social	FALSE
TRUE	adjective	twẽ.nã	twéná	idle, directionless, without a project or topic of interest (has the connotations of "lonely" or "purposeless")	idle, directionless, project, interest, lonely, purposeless		FALSE
TRUE	verb (transitive)	twiː	twii	{agent} be {experiencer}, form, constitute, be classified as, act as, function as (used to form predicates out of noun phrases when grammar requires a verb)	be, constitute, act, classify, form		FALSE
TRUE	noun (animate)	twə	twy	son (male offspring); (archaic, obsolete) side effect, co-occurrence, that which can be assumed	son	family	FALSE
TRUE	noun (inanimate)	tə.ciː	tycii	a type of long-lived grassy plant with strong-tasting aromatic leaves; (name) Mint	mint	names, plants	FALSE
TRUE	adjective	təɬ	tyhl	sharp, edged, cutting; painful; risky	sharp, edged, cutting, painful, risky		FALSE
TRUE	noun (animate)	tə.ɬi.ʙe	tyhlive	ancestor	ancestor	family	FALSE
TRUE	adverb	təjf	tyif	partway, partially, to less than full extent	partway, partially, partly		FALSE
TRUE	verb (transitive)	təs.jaːj	tysjaai	remove, delete, take away, subtract	remove, delete, away, subtract		FALSE
TRUE	verb (transitive)	tə̃.ʙəl	tývyl	please, delight, make enjoy, be liked by (experiencer enjoys and agent causes it)	please, delight, enjoy, like	sensations	FALSE
TRUE	verb (transitive)	tə̃ː	týy	bonk, knock on someone's skull (as in-group banter or a soft reset to intrusive thoughts)	bonk, knock	social	FALSE
TRUE	verb (transitive)	təːl	tyyl	touch, remain in physical contact with, have no gap between; bump, connect	touch, contact, bump, connect		FALSE
TRUE	noun (inanimate)	tə̃ː.wiʎ	týywill	oven, furnace, enclosed heatable box (originally for pottery, now diverse)	oven, furnace	technology	FALSE
TRUE	noun (inanimate)	y.bɾi	ubri	time(slot), period within a structured schedule, allotted share of time	time, period, slot		FALSE
TRUE	verb (intransitive)	y.ɸẽɾ	ufér	dance; mime, enact, perform a sequence of bodily actions for an observer	dance, mime, enact	art	FALSE
TRUE	noun (inanimate)	y.ɸẽɾ.cãwɾ	ufércáur	stage, theatre, place for performing (originally dances, now any spectated art)	stage, theatre, theater	art	FALSE
TRUE	interjection	yj	ui	used to call for attention: hey, ahoy; ambiguous filler: oh	hey, ahoy, oh		FALSE
TRUE	noun (inanimate)	yl	ul	the phoneme /y/ and the matching letter	/y/, y	letters	FALSE
TRUE	adverb	y.lø̃ː	ulóo	reasonably, sensibly, prudently, robustly, without loss of generality	reasonably, sensibly, prudently, robustly, generality		FALSE
TRUE	verb (transitive)	yl.søː	ulsoo	skim, skirt, barely touch on the way somewhere; get a gravity slingshot from	skim, skirt, touch, slingshot	spatial	FALSE
TRUE	noun (animate)	y.mbø	umbo	Festival (universal gathering of Nomai)	Festival	social	FALSE
TRUE	verb (impersonal)	y.‍mbə	u‍mby	it be quiet, things go slow, things be inactive	quiet, slow, inactive		FALSE
TRUE	verb (transitive)	y.mi	umi	{agent} translate content of {observer} from {ablative} into {experiencer}, convert, express same meaning in different notation or language or filetype; {agent} swap things so that {observer} contains {experiencer} where previously it contained {ablative}; (archaic) {agent} rotate crops so that {observer} grows {experiencer} instead of growing {ablative}	translate, switch, swap, rotate, crop, crops		FALSE
TRUE	noun (inanimate)	y.mys.ʙy	umusvu	red giant star	star, red giant, giant		FALSE
TRUE	noun (inanimate)	y.nøː	unoo	space behind (defined by the shape of the thing itself), wake, heels, trail blazed by someone	back, behind, wake, heels, trail	spatial	FALSE
TRUE	verb (intransitive)	y.pis	upis	reproduce, breed, have a child	reproduce, breed, have a child, have children		FALSE
TRUE	noun (inanimate)	y.tɬy	utlu	vulva	vulva		FALSE
TRUE	numeral	yː	uu	thirthy-six (6^2, connective form)	36	numbers	FALSE
TRUE	noun (inanimate)	yːl.nil	uulnil	marshmallow (Hearthian loanword courtesy of Transiencerealized on AO3)	marshmallow, mallow	food	FALSE
TRUE	noun (inanimate)	yː.məɕ	uumyx	stick, rod, pole, dowel, any cylindrical rigid object	stick, rod, pole, dowel, cylinder	objects	FALSE
TRUE	numeral	yːɾ	uur	thirthy-six (6^2)	thirthy-six, 36, 6^2	numbers	FALSE
TRUE	adverb	yː.ɾiː	uurii	barely, almost not, very slightly, to a tiny degree	barely, almost, tiny, slightly		FALSE
TRUE	adjective	yː.ɾə	uury	cyan, bluish green (colour detected by a Nomai lower eye's fourth cone cell)	cyan, blue, green	colours	FALSE
TRUE	noun (inanimate)	yːs	uus	the phoneme /yː/ and the matching letter	/yː/, yy	letters	FALSE
TRUE	verb (intransitive)	yːx	uux	meet, visit, go see, come together	meet, visit, see, together	social	FALSE
TRUE	noun (inanimate)	y.wi.ncy	uwincu	copper (element)	copper		FALSE
TRUE	interjection	ʙaː	vaa	used as exclamation of sudden idea, stroke of clarity: aha! eureka! got it! behold!	aha, eureka, got it, behold		FALSE
TRUE	interjection	ʙãːw	váau	(onomatopoeia) sustained, periodic, low-pitched sound: drone, buzz, growl	drone, buzz, growl		FALSE
TRUE	verb (transitive)	ʙa.ɸas	vafas	bite, chew (for the first time); react on the shallow level to, get first impression of 	bite, chew, impression	body	FALSE
TRUE	noun (inanimate)	ʙa.həw	vahyu	house, residential complex, building	house, residence, residential, building		FALSE
TRUE	noun (inanimate)	ʙajɸ	vaif	circle, loop, hoop, ring (shape)	circle, loop, hoop, ring		FALSE
TRUE	verb (transitive)	ʙaʎ.cã	vallcá	(of plant) prune, cut, stress-test; (of idea) attack, criticise, judge	prune, cut, stress, test, attack, criticise, judge		FALSE
TRUE	noun (inanimate)	ʙã.lə.ləj	válylyi	plane (mathematical construct), facet (of jewel or similar); side, angle, view (towards an object)	plane, face, facet, side, angle, view		FALSE
TRUE	adjective	ʙã.nãɕ	vánáx	bitter (one of five basic tastes)	bitter		FALSE
TRUE	noun (inanimate)	ʙa.ɲa	vanna	time(stamp), moment, instant, "frame" of the universe's progression	time, timestamp, moment, instant, frame		FALSE
TRUE	verb (transitive)	ʙa.ɲø̃	vannó	catch, capture, grapple	catch, capture, grapple		FALSE
TRUE	noun (inanimate)	ʙã.ɾə̃	várý	shape, form, configuration, geometry (note: not type as in "this form of life" - always spatial in some sense)	shape, form, configuration, geometry		FALSE
TRUE	noun (inanimate)	ʙaw.daː	vaudaa	rope, wire, cable, cord, anything linear made of combined fibres	rope, wire, cable, fibre, cord		FALSE
TRUE	noun (inanimate)	ʙã.ʙãɸ	váváf	portable food in baked shell, analogous to sandwich or wrap	sandwich, wrap		FALSE
TRUE	noun (animate)	ʙa.ʙə̃ː	vavýy	family member, relative, kin	family, family member, relative, kin		FALSE
TRUE	pronoun	ʙẽ	vé	it, that one (only occurs in relative clauses with an inanimate head-noun, refers back to the head, doesn't mark for specificity or number)	it, that, untranslatable		FALSE
TRUE	adjective	ʙẽ.cel	vécel	fluid, liquid (in phase)	fluid, liquid	materials	FALSE
TRUE	adjective	ʙeː	vee	sharp, clear, distinct, high-contrast, focused; well understood; lovely, nice, great	sharp, clear, distinct, high-contrast, contrast, focused, focus, lovely, nice, great		FALSE
TRUE	noun (animate)	ʙeː.mə̃	veemý	first author in a conversation, initial speaker, initiator, OP	author, speaker, sender, initiator, OP	social	FALSE
TRUE	adverb	ʙeːɕ	veex	kindly, considerately; (in ought-clauses) please	kindly, considerately, please	social	FALSE
TRUE	noun (inanimate)	ʙẽj	véi	iteration, one pass in a loop, (one) time, (someone's) turn; estimate, guess to improve on, starting point for a refining process	iteration, estimate, guess, start		FALSE
TRUE	verb (transitive)	ʙej.laːw	veilaau	awe, captivate, be marvellous to	awe, captivate, captivating, marvel, marvellous		FALSE
TRUE	verb (transitive)	ʙe.lã	velá	collide into, crash into, hit	collide, crash, hit		FALSE
TRUE	noun (inanimate)	ʙeʎ	vell	salt lick, chunk of mineral rolled onto a pasture as a nutrition supplement for a grazing herd; (colloquial) dispenser, drink fountain, vending machine	salt lick, salt, mineral chunk, mineral, dispenser, fountain, vending machine		FALSE
TRUE	verb (intransitive)	ʙẽʎ	véll	travel, journey; fly, go by atmospheric or spatial flight	travel, journey, fly, go, flight		FALSE
TRUE	noun (inanimate)	ʙẽ.ʎiw	vélliu	group, clump, cluster (of inanimate things, united by location)	group, clump, cluster		FALSE
TRUE	noun (inanimate)	ʙeʎ.pɾə	Vellpry	(place name) Attlerock (compound of vell 'mineral-rich stone' + pry 'scar') 	Attlerock	placenames	FALSE
TRUE	noun (inanimate)	ʙẽ.lø̃	véló	food made by chopping and stacking, analogous to tapas or sushi	tapas, sushi	body	FALSE
TRUE	noun (inanimate)	ʙe.nə̃.lãw	venýláu	window-hole	window, hole		FALSE
TRUE	verb (transitive)	ʙẽ.səː	vésyy	oxygenate, insulate and heat: make habitable; activate a vehicle; terraform	oxygenate, insulate, heat, habitable, activate, terraform	technology	FALSE
TRUE	adjective	ʙew.ɲe	veunne	goopy, viscous, mudlike; molten	goopy, viscous, mudlike, molten		FALSE
TRUE	noun (inanimate)	ʙẽɕ.lə̃l	véxlýl	ceiling (potentially same as roof, but at least applies to perspective from inside)	ceiling		FALSE
TRUE	noun (inanimate)	ʙeɕ.teːɾ	vexteer	nectar, any sugary plant-derived compound, syrup, sugar, sweetener	nectar, syrup, sugar, sweetener	food	FALSE
TRUE	verb (transitive)	ʙi.daːjs	vidaais	debate, have an assembly about, converse formally about (absolutive is topic)	debate, assembly, assemble, converse, discuss		FALSE
TRUE	noun (inanimate)	ʙiː	vii	the phoneme /ʙ/ and the matching letter	/ʙ/, v	letters	FALSE
TRUE	verb (transitive)	ʙiːl	viil	start, begin (event or action), enshrine (rule), put into effect	start, begin, enshrine		FALSE
TRUE	noun (inanimate)	ʙiːs	viis	niche, nook, small hangout spot (alcove in library, etc)	niche, nook, hangout, spot, alcove		FALSE
TRUE	interjection	ʙi.jə	vijy	okay, yeah, fine; roger (someone said something and I heard clearly; usually the start of a longer message, used alone on noisy channels or under a time crunch)	okay, yeah, fine, roger		FALSE
TRUE	adjective	ʙis	vis	medium-fluffy, average wooly/bald	fluffy, fuzzy, wooly, cropped, shaven, bald		FALSE
TRUE	noun (inanimate)	ʙi.tɬø.ʙø	vitlovo	sulphur (element)	sulphur, sulfur		FALSE
TRUE	noun (inanimate)	ʙi.wiː.hyɸ	viwiihuf	patty, nugget, food item fused from ground ingredients using a binder	patty, nugget	food	FALSE
TRUE	adverb	ʙi.ɕøs	vixos	sometimes, on occasion, neither especially commonly nor rarely	sometimes, occasion, occasionally		FALSE
TRUE	noun (inanimate)	ʙø.ɸi.ɲy	vofinnu	a type of small shrub from cold climates with sweet berries; (name) Idaea	idaea	names, plants	FALSE
TRUE	noun (inanimate)	ʙøɸ.lø̃	vofló	(archaic) migration path that doesn't cross mountains; (modern) lazy solution, non-generalising solution; technical debt	migration, path, route, lazy, technical debt, debt		FALSE
TRUE	noun (inanimate)	ʙø̃.ɸyl	vóful	hill, mountain, upland, rock (feature of terrain)	hill, mountain, upland, rock		FALSE
TRUE	noun (inanimate)	ʙøj	voi	tip, point, end (of a tool or limb), start (of a recording)	tip, point, end, beginning, start		FALSE
TRUE	noun (animate)	ʙø̃j	vói	grandparent	grandparent		FALSE
TRUE	adjective	ʙø.jə̃ː	vojýy	medium-sharpness, average sharp/rounded	sharp, rounded		FALSE
TRUE	noun (inanimate)	ʙøl	vol	branch, (tree) limb; subassembly, module, part of a device (especially a spacecraft) with detachable joints	subassembly, module	plants, technology	FALSE
TRUE	noun (inanimate)	ʙø.li na.dɾa.lə̃ɾ	voli nadralýr	the Control Module	module		FALSE
TRUE	noun (inanimate)	ʙø.li ɾə̃.cy.lə̃ɾ ʎa.wa.ʙyː.mã	voli rýculýr llawavuumá	the Probe Tracking Module	module		FALSE
TRUE	noun (inanimate)	ʙø.li tsøː.lə̃ɾ	voli tsoolýr	the Launch Module	module		FALSE
TRUE	conjunction (clause)	ʙø.lø̃ɬ	volóhl	until, lasting up to when	until		FALSE
TRUE	noun (inanimate)	ʙø.lə.wə	volywy	antler hooks, antler holder, headrest, item of furniture that supports the head by the antlers (used for deep work and sleeping)	antler, holder, headrest		FALSE
TRUE	verb (transitive)	ʙø.ɲy	vonnu	use logic on, infer about, reason about	logic, infer, reason		FALSE
TRUE	noun (animate)	ʙøː.deɸ	voodef	passenger, rider, someone transported by a vehicle	passenger, rider		FALSE
TRUE	verb (transitive)	ʙø̃ːɾ	vóor	surprise, do something unexpected to	surprise, unexpected	social	FALSE
TRUE	verb (intransitive)	ʙy	vu	be understimulated, be bored, lack things to think about	understimulated, bored	sensations	FALSE
TRUE	verb (transitive)	ʙy.ɸy	vufu	{agent} excite {experiencer}, {agent} make {experiencer} enthusiastic, thrill	excite, excitement, enthusiastic, thrill		FALSE
TRUE	noun (inanimate)	ʙyl	vul	name (chiefly that of a person or place); title, heading	name, title, heading		FALSE
TRUE	verb (transitive)	ʙy.tẽ	vuté	instruct, guide, advise, tell what to do	instruct, guide, advise		FALSE
TRUE	noun (inanimate)	ʙy.tẽ.ɸi	vutéfi	instructions, guidance, advice	instruction, guidance, advice		FALSE
TRUE	noun (inanimate)	ʙyː	vuu	forehead and nose bridge, area formed by raised bony plate at the front of the skull; informative or hard to reach part of something, "the bottom of this"	forehead, nose, skull		FALSE
TRUE	noun (inanimate)	ʙyː.jøː	vuujoo	visor, goggles, glasses, any equipment worn over the eyes	visor, goggles, glasses, eyewear		FALSE
TRUE	pronoun	ʙə.bəl	vybyl	they, the others, three or more things contrasted with the one(s) in focus, 3P.OBV.INAN, third-person obviative inanimate plural	they		FALSE
TRUE	noun (inanimate)	ʙə̃.heː.de	výheede	any of a family of plants with cone-shaped flowers; (name) Bells	bells	names, plants	FALSE
TRUE	pronoun	ʙəl	vyl	it, the other one, inanimate thing contrasted with the one(s) in focus, 3S.OBV.INAN, third-person obviative inanimate singular pronoun	it		FALSE
TRUE	noun (inanimate)	ʙə̃ʎ	výll	plan, intention, schedule, roadmap, routine	plan, intention, schedule, roadmap, routine		FALSE
TRUE	noun (animate)	ʙə.ʎø̃	vylló	a kind of pack predator analogous to wolf, extinct in the wild; monster, terror, bogeyman	predator, wolf, monster, terror, bogeyman	animals	FALSE
TRUE	verb (transitive)	ʙə.ɲy	vynnu	carry, lug, transport along, have in one's hands or on one's shoulders	carry, lug, transport		FALSE
TRUE	noun (inanimate)	ʙə.ɲə.sy.ci	Vynnysuci	(place name) Ash Twin (compound of vynnu 'carry' + ysuci 'pillar, column')	Ash Twin	placenames	FALSE
TRUE	verb (transitive)	ʙə̃.ɾẽ	výré	play with, fidget with, interact idly or impulsively	play, fidget		FALSE
TRUE	noun (inanimate)	ʙə̃ɾ.pə	výrpy	backpack, stretcher, handcart (long distance carrying device)	backpack, stretcher, handcart		FALSE
TRUE	numeral	ʙəs	vys	zero, nil	zero, nil		FALSE
TRUE	adjective	ʙə̃.seɾ	výser	old, aged, born or created long ago	old, aged		FALSE
TRUE	noun (inanimate)	ʙəs.mə̃j	vysmýi	theory, cohesive framework of powerful explanations	theory, framework, explanation		FALSE
TRUE	numeral	ʙəː	vyy	zero (connective form)	zero		FALSE
TRUE	interjection	ʙə̃ː	výy	yes, that's true (someone asked a closed question in the positive and I affirm the statement)	yes, true		FALSE
TRUE	noun (inanimate)	ʙəːɸ	vyyf	box, crate, chest, blocky container	box, crate, chest, container		FALSE
TRUE	verb (transitive)	ʙə̃ː.haː	výyhaa	follow, trail, move towards signs of	follow, trail, move towards		FALSE
TRUE	noun (inanimate)	ʙəː.liː	vyylii	lid, plug, cork, cap, low tech device to block a container or passage	lid, plug, cork, cap		FALSE
TRUE	noun (inanimate)	ʙəːʎ	vyyll	side antler, lower antler	antler, side antler, lower antler	body	FALSE
TRUE	verb (intransitive)	ʙəː.ɕ	vyyx	leak, bleed, lose matter; be unfortunate, be tragic, harm someone by random chance	leak, unfortunate, tragic		FALSE
TRUE	noun (inanimate)	ʙə̃ːɕ	výyx	airborne or exposed root or tendril	root, tendril, airborne root		FALSE
TRUE	particle	wa	wa	(person or creature) such that (marks the start of a relative clause where the head is animate)	that, such that, who, which, untranslatable		FALSE
TRUE	noun (inanimate)	wa.bẽ	wabé	food multitool (handheld or wall-mounted, with toolheads to chop, mash, and change temperature)	food multitool, utensil, kitchen tool	tools, objects	FALSE
TRUE	adjective	wa.biː	wabii	with inward flow from all sides: gathering, attractor-like, directed towards a point; spherically symmetric, at hydrostatic equilibrium; (colloquial) socially popular, established in a community, depended on	gathering, attractor, attractor-like, symmetric, spherically symmetric, equilibrium, hydrostatic equilibrium, popular, established, depended on		FALSE
TRUE	verb (intransitive)	wa.ce	wace	adapt, cope, change to fit something	adapt, cope, fit, conform		FALSE
TRUE	noun (inanimate)	wã.ceːj	wáceei	swallow, consume, intake (anything via any channel)	swallow, consume, intake	body	FALSE
TRUE	conjunction (clause)	wã.del	wádel	P conj Q = when and where P there Q, in situations where P, also Q; P and Q correlate (undertone: P is predictable)	if, when, then, correlate, correlation		FALSE
TRUE	adjective	wã.ɸa	wáfa	medium effortful, average trivial-strenuous	effortful, strenuous, taxing		FALSE
TRUE	noun (animate)	wãj.wãj	wáiwái	father (not general term for parent or ancestor)	father		FALSE
TRUE	particle	wal	wal	before a sentence, marks it as a declaration (social message where the utterance itself causes the state it describes, as in "I promise" or "you are forgiven" or "we surrender")	untranslatable, declare, declaration	social	FALSE
TRUE	adjective	wã.ʎø̃	wálló	medium-bristly, average sleek/frizzy; awake and functional; normal, standard, doing okay	bristly, medium-bristly, awake, functional, normal, standard, okay		FALSE
TRUE	noun (inanimate)	waw.jeɾ	waujer	segment (of reed, insect, or telescopic device); handle, handhold	segment, handle, handhold		FALSE
TRUE	adjective	wãw.lyːɾ	wáuluur	colour that contains red-infrared, yellow and green but not cyan, "anti-blue", "infra-brown"	blue, brown	colours	FALSE
TRUE	adverb	wẽ	wé	again, anew, once more	again, anew, more		FALSE
TRUE	noun (animate)	wẽ.cə	wécy	teacher, mentor, master	teacher, mentor, master		FALSE
TRUE	verb (intransitive)	wẽːl	wéel	move the body, change poses; (of inanimate) shift, wave, oscillate	move, pose, shift, wave, oscillate	body	FALSE
TRUE	verb (transitive)	weː.nãː	weenáa	smile at, show relaxed body language to	smile	social	FALSE
TRUE	adjective	weɸ	wef	soft, blurry, hazy, low-contrast, gradiented, scattered	soft, blur, blurry, hazy, low-contrast, contrast, gradiented, gradient, scatter, scattered		FALSE
TRUE	particle	wej	wei	clausal nominaliser (turns the immediately following clause into a noun, particle takes case inflection on clause's behalf)	untranslatable, nominal, nominaliser		FALSE
TRUE	noun (animate)	we.laː	welaa	shuttle (in Outer Wilds system, cannon-launched)	shuttle		FALSE
TRUE	verb (transitive)	we.ʎø	wello	invent, come up with, innovate	invent, come up, innovate		FALSE
TRUE	noun (inanimate)	we.ʎø.dø̃j	wellodói	advancement, step of progress, event of inventing	advancement, progress, invention		FALSE
TRUE	noun (inanimate)	we.ʎø.høɕ	wellohox	invention, new tech	invention		FALSE
TRUE	noun (inanimate)	wẽl.paʎ	wélpall	wax, clay, moldable substance	wax, clay		FALSE
TRUE	verb (transitive)	we.ɲy	wennu	uproot, pull (weeds); extract, pull out from containment	uproot, pull, extract		FALSE
TRUE	noun (animate)	we.ɾa.meɬ	weramehl	descendant, progeny	descendant, progeny		FALSE
TRUE	verb (transitive)	weɾ.hyː	werhuu	{agent} be missed by {experiencer}, inspire longing in, be craved	miss, long, longing, crave		FALSE
TRUE	noun (inanimate)	we.ɾy	weru	arm, entirety of upper limb	arm	body	FALSE
TRUE	interjection	wew	weu	oops (reaction to mildly surprising event like something falling)	oops		FALSE
TRUE	noun (inanimate)	weɕ	wex	a type of plant with flowers that smell sweet in the daytime; (name) Din	din	names, plants	FALSE
TRUE	noun (inanimate)	wi	wi	the phoneme /w/ and the matching letter	/w/, w	letters	FALSE
TRUE	verb (transitive)	wi.bẽː	wibée	repair, fix, heal	repair, fix, heal		FALSE
TRUE	noun (inanimate)	wiː	wii	shank, leg from knee to toe joint; shin, foot	shank, leg, shin, foot	body	FALSE
TRUE	noun (inanimate)	wiːɬ	wiihl	slab (of stone or similar), prism, cuboid; piece of furniture, appliance (shelf, workbench, sink etc)	slab, prism, cuboid, furniture, appliance		FALSE
TRUE	adverb	wiɾ	wir	subtly, mildly, slightly, in a small way (intrinsically, not as measured by action time)	subtly, mildly, slightly		FALSE
TRUE	verb (transitive)	wi.sã	wisá	spin, twirl, flick, cause to undergo a change in rotation	spin, twirl, flick, rotate		FALSE
TRUE	noun (animate)	wi.saː	wisaa	engineer, mechanic, someone who applies the findings of others	engineer, mechanic		FALSE
TRUE	verb (transitive)	wi.tã	witá	master, be able to (do something) and explain it, have both the intuition and the theoretical knowledge to (do something)	master, able, ability, skill, can, know		FALSE
TRUE	noun (inanimate)	wə.baː	wybaa	item, object, thing (physical, non-living)	item, object, thing	objects	FALSE
TRUE	verb (transitive)	wə̃.baɾ	wýbar	mean, signify, refer to, stand for	mean, signify, refer		FALSE
TRUE	noun (inanimate)	wə̃.ba.ɾø̃j	wýbarói	sense, interpretation, view, aspect, framework (of thought)	sense, interpretation, view, aspect, framework		FALSE
TRUE	adjective	wə̃.laː	wýlaa	medium-condition, average amount whole/broken	condition, whole, broken		FALSE
TRUE	noun (inanimate)	wə.ɲi	wynni	mash, mousse, any foamy foodstuff	mash, mousse, foam	food	FALSE
TRUE	noun (inanimate)	wə.ʙeɾ	wyver	a type of short-lived flower with sticky goo-covered seeds; (name) Clary	clary	names, plants	FALSE
TRUE	verb (intransitive)	wəː	wyy	shout, yell, scream	shout, yell, scream		FALSE
TRUE	particle	ɕa	xa	mandatory first part of a personal name, inflects on behalf of name (but neither this nor any other part inflects for specificity), may be omitted in a list of names	untranslatable, name		FALSE
TRUE	noun (inanimate)	ɕaː	xaa	the phoneme /ɕ/ and the matching letter	/ɕ/, x	letters	FALSE
TRUE	noun (inanimate)	ɕaːɸ	xaaf	helium (element)	helium		FALSE
TRUE	noun (inanimate)	ɕaː.mə̃	xaamý	sound, audio	sound, audio		FALSE
TRUE	noun (inanimate)	ɕãːɾ.ʎẽ	xáarllé	alcohol, chemical from fermentation	alcohol, fermentation		FALSE
TRUE	noun (inanimate)	ɕãː.ɾə	xáary	cavity, central hollow, nearly zero-g space encircled by a planet	hollow, zero-g, cavity		FALSE
TRUE	verb (transitive)	ɕaːw.nəʎ	xaaunyll	kiss, put one's mouth onto another's neck or wool (gesture of social bonding)	kiss		FALSE
TRUE	noun (inanimate)	ɕa.cel	xacel	music instrument	music instrument, music, instrument		FALSE
TRUE	noun (inanimate)	ɕa.də̃ː	xadýy	garden, greenhouse, hydroponics, farm (with imported or artificial soil)	garden, greenhouse, hydroponics, farm		FALSE
TRUE	verb (transitive)	ɕaj.tej	xaitei	scold, snap at, tell off	scold, snap at, tell off		FALSE
TRUE	noun (inanimate)	ɕã.jã	xájá	result, outcome, reaction, consequence, fate	result, outcome, reaction, consequence, fate		FALSE
TRUE	noun (animate)	ɕã.ʎy	xállu	aunt (mother's sister)	aunt		FALSE
TRUE	noun (animate)	ɕa.ʎyɾ	xallur	pilgrim, hermit, someone who is deliberately alone	pilgrim, hermit		FALSE
TRUE	noun (inanimate)	ɕã.ɲã	xánná	piece, fragment, shard	piece, fragment, shard		FALSE
TRUE	verb (transitive)	ɕã.nyː.dø̃	xánuudó	perturb, ambiguate, introduce noise or confusion to; mess with, tamper with	perturb, ambiguate, noise, confusion, mess with, tamper with		FALSE
TRUE	noun (inanimate)	ɕa.sẽːɾ	xaséer	map; starchart, navigation database	map, starchart, navigation database		FALSE
TRUE	adjective	ɕa.syː	xasuu	with medium amount of vegetation; (of number) medium, middling	medium, middling		FALSE
TRUE	pronoun	ɕe	xe	it, the more relevant inanimate thing in the narrative, 3S.PROX.INAN, third-person proximate inanimate singular pronoun	it		FALSE
TRUE	adjective	ɕe.cəs	xecys	abstract, intangible, imaginary	abstract, intangible, imaginary		FALSE
TRUE	adjective	ɕẽ.de	xéde	cold, low-temperature	cold, low-temperature		FALSE
TRUE	verb (intransitive)	ɕẽː.ʎə	xéelly	stay, persist, survive, remain	stay, persist, survive, remain		FALSE
TRUE	adjective	ɕeː.si	xeesi	(of environment) so-so, passable, tolerable, averagely hospitable	so-so, passable, tolerable, averagely hospitable		FALSE
TRUE	adjective	ɕẽɸ.ɾø̃ːl	xéfróol	short as measured along the surface it rests on or sticks to; narrow at the base, spindly	short, narrow, spindly		FALSE
TRUE	noun (inanimate)	ɕej.ɾə	xeiry	cave, den, lair	cave, den, lair		FALSE
TRUE	noun (inanimate)	ɕej.ɾəj sel.maɾ.mø̃	xeiryi selmarmó	the Stepping Stone Cave	Stepping Stone Cave		FALSE
TRUE	verb (transitive)	ɕeʎ.də̃	xelldý	shut down, turn off, make dormant	shut down, turn off, dormant		FALSE
TRUE	noun (inanimate)	ɕeʎ.ɸø̃	xellfó	waste, trash, scrap, byproduct	waste, trash, scrap, byproduct		FALSE
TRUE	verb (transitive)	ɕe.ɲøs	xennos	scatter, spread, smear (like paint onto a wall or seeds over a field)	scatter, spread, smear		FALSE
TRUE	noun (inanimate)	ɕeɾ	xer	upper eye, third eye, the keenest of a Nomai's three eyes; (metaphor) any fragile but useful central fixture; (name) the Eye	eye, upper eye, third eye	body	FALSE
TRUE	verb (transitive)	ɕeɾ.bej	xerbei	(3rd generation slang) obsess over, fixate on, worship	obsess, obsession, fixate, fixation, worship		FALSE
TRUE	verb (transitive)	ɕẽs	xés	lick, prod with the tongue, taste	lick, prod, taste	body	FALSE
TRUE	verb (intransitive)	ɕe.se	xese	be astray, be lost, not know one's location	stray, lost		FALSE
TRUE	verb (transitive)	ɕẽs.mẽːɾ	xésméer	spin, spool; make into roll, ball, or bale; (information) compress; (person) oversimplify, take for granted	spin, spool, roll, ball, bale, compress		FALSE
TRUE	numeral	ɕẽs.nã	xésná	46,656 (6^6)	6^6		FALSE
TRUE	numeral	ɕẽs.nãː	xésnáa	46,656 (6^6, connective form)	46656		FALSE
TRUE	pronoun	ɕeɕ	xex	the two, the two of them, the two inanimate things in narrative focus, 3D.PROX.INAN, third-person proximate inanimate dual pronoun	they		FALSE
TRUE	noun (inanimate)	ɕi.ba	xiba	piss (liquid bodily waste, casual or vulgar term)	piss	body	FALSE
TRUE	verb (transitive)	ɕi.døːteː	xidootee	oppose, defy, counter, act against	oppose, defy, defiance, counter, against		FALSE
TRUE	noun (inanimate)	ɕiː	xii	cloud, fog, mist	cloud, fog, mist		FALSE
TRUE	interjection	ɕiːɕ	xiix	(onomatopoeia) sustained, chaotic, high-pitched sound: hiss	hiss		FALSE
TRUE	adjective	ɕi.mə	ximy	dark, dim, shadowy	dark, dim, shadowy		FALSE
TRUE	noun (inanimate)	ɕi.pi	xipi	grass, staple crop, plant eaten for its stem	grass, staple		FALSE
TRUE	noun (inanimate)	ɕis.nə	xisny	incisor tooth, any slicing or piercing tooth (Nomai have no canines)	incisor, tooth, canine	body	FALSE
TRUE	noun (animate)	ɕiw	xiu	stranger, foreigner, someone unknown (connotation: attractive opportunity to exchange very different thoughts)	stranger, foreigner, unknown		FALSE
TRUE	noun (inanimate)	ɕiw.hy	xiuhu	place above something, overhead view, local sky	above, over, overhead, sky, up, high		FALSE
TRUE	verb (intransitive)	ɕiw‍.‍ɕaj	xiu‍‍xai	ally, cooperate, join	ally, cooperate, join		FALSE
TRUE	noun (inanimate)	ɕi.ʙe.ɲø	xivenno	cypsela (airborne seed of plants like dandelions); escape pod, life raft, emergency transportation	cypsela, escape pod		FALSE
TRUE	adjective	ɕi.ʙøː	xivoo	rude, mean, improper (violating Nomai social norms, chiefly by sharing false information or enabling that act)	rude, mean, improper		FALSE
TRUE	noun (inanimate)	ɕiɕ.me	xixme	receptacle, holder, socket, any place that can hold and interface with a device	receptacle, holder, interface, socket		FALSE
TRUE	noun (animate)	ɕø̃	xó	assistant, helper	assistant, helper		FALSE
TRUE	noun (inanimate)	ɕø.bẽ	xobé	symbol, glyph, mark	symbol, glyph, mark		FALSE
TRUE	verb (transitive)	ɕø̃.cy	xócu	amuse, harmlessly surprise, form neat connection in mind of	amuse, surprise		FALSE
TRUE	verb (transitive)	ɕø̃.jə̃	xójý	grab hold of, seize, grasp; start to examine, get to thinking about	grab, seize, grasp		FALSE
TRUE	noun (inanimate)	ɕøʎ	xoll	muddy spot, puddle	muddy, puddle		FALSE
TRUE	noun (inanimate)	ɕø̃.ɲil	xónnil	(granule of) feces, solid bodily waste (technical term)	feces		FALSE
TRUE	verb (intransitive)	ɕøː	xoo	sit, lean (on or against raised surface)	sit, lean		FALSE
TRUE	noun (inanimate)	ɕøː.jyːɬ	xoojuuhl	a type of feather-shaped combination of petals or a flower with that trait; (name) Plume	plume	names, plants	FALSE
TRUE	verb (transitive)	ɕøː.pi	xoopi	allow, permit, let, {agent} give {experiencer} social leeway 	allow, permit, let		FALSE
TRUE	noun (inanimate)	ɕø̃.ʙã	xóvá	smoke, (on spaceships more often) vapour, offgassing, mist	smoke, vapor, vapour, offgassing, mist		FALSE
TRUE	adverb	ɕy	xu	soon, shortly	soon, shortly	time	FALSE
TRUE	noun (inanimate)	ɕy.bi	xubi	gauge, readout, indicator	gauge, readout, indicator		FALSE
TRUE	verb (transitive)	ɕyɬ	xuhl	tinker with; use, work on, work with (material or equivalent sunk resource for a project); have, keep, manage, be (temporarily) responsible for, hold social permission to move; have in one's quarters or containers; (in expressions of habit sometimes close to) own	tinker, work, have, keep, manage, own		FALSE
TRUE	adverb	ɕy.ʎi	xulli	originally, in the unchanged state, to begin with	originally, initially, to begin with		FALSE
TRUE	noun (animate)	ɕy.mə̃	xumý	human (English loan, not canon to OW universe)	human		FALSE
TRUE	adjective	ɕy.tə̃	xutý	medium-friction, average slippery/grippy	medium-friction, slippery, grippy		FALSE
TRUE	adjective	ɕyː	xuu	smart, clever, knowledgeable, likely to recall much relevant information	smart, clever, knowledgeable		FALSE
TRUE	verb (transitive)	ɕyːɾ	xuur	demand brains from, be intellectually difficult for, challenge	challenge, difficult		FALSE
TRUE	adjective	ɕə̃.liɬ	xýlihl	previous, preceding	previous, preceding		FALSE
TRUE	verb (transitive)	ɕəl.ɕa	xylxa	capture, contain, imprison, trap	capture, contain, imprison, trap		FALSE
TRUE	noun (inanimate)	ɕəs.wa	xyswa	hypothesis, prediction of a future observation including conditions to trigger it	hypothesis		FALSE
FALSE	noun (inanimate)	ɕəs.wa ...	xyswa 	null hypothesis	null hypothesis		FALSE
TRUE	noun (inanimate)	ɕə̃.tø.ɸø̃	xýtofó	question, inquiry, an unknown, act of asking	question, inquiry, unknown		FALSE
TRUE	conjunction (clause)	ɕəː	xyy	or, else, in the opposite case	or, else, otherwise		FALSE
TRUE	adjective	ə.bjø	ybjo	conical, cone-shaped, tapered, pointy	conical, cone, tapered, taper, pointy, point		FALSE
TRUE	interjection	ə.cə.cə	ycycy	a type of laughter (mild, subtle, neutral: "bleating")	laugh, laughter		FALSE
TRUE	particle	əɸ	yf	used like a single closing parenthesis to mark parsing order in careful speech	untranslatable, parenthesis		FALSE
TRUE	adjective	ə.ɸa	yfa	green, yellowish green (colour detected by a Nomai lower eye's fourth cone cell)	green, yellow	colours	FALSE
TRUE	noun (inanimate)	əl	yl	the phoneme /ə/ and the matching letter	/ə/, y	letters	FALSE
TRUE	noun (inanimate)	ə̃ʎ	ýll	the phoneme /ə̃/ and the matching letter	/ə̃/, ý	letters	FALSE
TRUE	noun (inanimate)	ə.lə	yly	song, track, composition, piece of music	song, track, composition, music		FALSE
TRUE	verb (transitive)	ə.ləs.mej	ylysmei	rejoice, celebrate, cheer	rejoice, celebrate, cheer		FALSE
TRUE	verb (transitive)	ə̃.mẽː	ýmée	try, attempt, seek, pursue, tentatively apply (method, tool, approach)	try, attempt, seek, pursue		FALSE
TRUE	adjective	əs.ha	ysha	(of structure) rooted down; (of plan or choice) final, firm, past point of no return	rooted, firm, final, no return		FALSE
TRUE	adjective	əs.ha.ɕiɾ	yshaxir	fickle, transient, ephemeral; superposed, quantum (negative of ysha 'fixed, rooted')	fickle, transient, superposed, quantum		FALSE
TRUE	noun (inanimate)	əs.ha.ɕiɾ.cø	yshaxirco	superposition, quantum phenomenon	superposition, quantum phenomenon		FALSE
TRUE	noun (inanimate)	ə.sy	ysu	hole, tunnel, any thick-walled enclosed route	hole, tunnel	places	FALSE
TRUE	noun (inanimate)	ə.sy.ci	ysuci	pillar, mast; antenna	pillar, mast, antenna		FALSE
TRUE	verb (intransitive)	ə.tɬø̃	ytló	scoff, snort; sneeze	scoff, snort, sneeze		FALSE
TRUE	noun (inanimate)	ə.ɕa	yxa	blood (anatomical term, not violence nor heritage)	blood	body	FALSE
TRUE	noun (inanimate)	əːɬ	Yyhl	Earth (English loan, not canon to OW universe)	Earth		FALSE
TRUE	verb (intransitive)	əː.paː	yypaa	run, sprint (massive strain for Nomai bodies, only done in emergencies and reluctantly even then); be crazy, glitch, malfunction; (colloquial) commit, go all out	run, sprint, crazy, glitch, malfunction, commit		FALSE
TRUE	noun (inanimate)	əːs	yys	the phoneme /əː/ and the matching letter	/əː/, yy	letters	FALSE
TRUE	verb (transitive)	ə̃ː.ʙy	ýyvu	{agent} take {experiencer} as unmodifiable, {agent} use {experiencer} as an axiom; (alien studies) {experiencer} be sacred	axiom, fix, fixed, sacred, holy		FALSE
TRUE	noun (inanimate)	ə̃ːɕ	ýyx	the phoneme /ə̃ː/ and the matching letter	/ə̃ː/, ýy	letters	FALSE